Workbook

Sheet Dashboard
A1: ESP32-S3 Solo Program Dashboard
A3: Project Start | B3: =Control!B6 -> 46216 | D3: Reporting Week | E3: =Control!B7 -> 1 | G3: Production Release Week | H3: =Control!B8 -> 78
A5: Planned Completion | B5: =Control!B10 -> 0.010899183 | D5: Actual Completion | E5: =Control!B11 -> 0.11553134 | G5: Schedule Variance | H5: =Control!B12 -> 0.10463215
A7: Late Tasks | B7: =Control!B13 -> 0 | D7: Completed Tasks | E7: =Control!B14 -> 15 | G7: Total Work Packages | H7: =Control!B15 -> 133
A11: Cluster | B11: Name | C11: Start | D11: End | E11: Planned % | F11: Actual % | G11: Variance | H11: Tasks | I11: Complete | J11: Late | K11: Gate
A12: A | B12: Product Definition and Planning | C12: 1 | D12: 6 | E12: =IFERROR(SUMIF(WBS!$B$5:$B$137,A12,WBS!$S$5:$S$137)/SUMIF(WBS!$B$5:$B$137,A12,WBS!$R$5:$R$137),0) -> 0.13157895 | F12: =IFERROR(SUMIF(WBS!$B$5:$B$137,A12,WBS!$T$5:$T$137)/SUMIF(WBS!$B$5:$B$137,A12,WBS!$R$5:$R$137),0) -> 1 | G12: =F12-E12 -> 0.86842105 | H12: =COUNTIF(WBS!$B$5:$B$137,A12) -> 10 | I12: =COUNTIFS(WBS!$B$5:$B$137,A12,WBS!$U$5:$U$137,"Complete") -> 10 | J12: =COUNTIFS(WBS!$B$5:$B$137,A12,WBS!$U$5:$U$137,"Late") -> 0 | K12: G-A
A13: B | B13: Engineering Foundation | C13: 7 | D13: 12 | E13: =IFERROR(SUMIF(WBS!$B$5:$B$137,A13,WBS!$S$5:$S$137)/SUMIF(WBS!$B$5:$B$137,A13,WBS!$R$5:$R$137),0) -> 0 | F13: =IFERROR(SUMIF(WBS!$B$5:$B$137,A13,WBS!$T$5:$T$137)/SUMIF(WBS!$B$5:$B$137,A13,WBS!$R$5:$R$137),0) -> 0.37037037 | G13: =F13-E13 -> 0.37037037 | H13: =COUNTIF(WBS!$B$5:$B$137,A13) -> 12 | I13: =COUNTIFS(WBS!$B$5:$B$137,A13,WBS!$U$5:$U$137,"Complete") -> 5 | J13: =COUNTIFS(WBS!$B$5:$B$137,A13,WBS!$U$5:$U$137,"Late") -> 0 | K13: G-B
A14: C | B14: Platform and Architecture Development | C14: 13 | D14: 34 | E14: =IFERROR(SUMIF(WBS!$B$5:$B$137,A14,WBS!$S$5:$S$137)/SUMIF(WBS!$B$5:$B$137,A14,WBS!$R$5:$R$137),0) -> 0 | F14: =IFERROR(SUMIF(WBS!$B$5:$B$137,A14,WBS!$T$5:$T$137)/SUMIF(WBS!$B$5:$B$137,A14,WBS!$R$5:$R$137),0) -> 0 | G14: =F14-E14 -> 0 | H14: =COUNTIF(WBS!$B$5:$B$137,A14) -> 32 | I14: =COUNTIFS(WBS!$B$5:$B$137,A14,WBS!$U$5:$U$137,"Complete") -> 0 | J14: =COUNTIFS(WBS!$B$5:$B$137,A14,WBS!$U$5:$U$137,"Late") -> 0 | K14: G-C
A15: D | B15: Product Feature Development | C15: 35 | D15: 56 | E15: =IFERROR(SUMIF(WBS!$B$5:$B$137,A15,WBS!$S$5:$S$137)/SUMIF(WBS!$B$5:$B$137,A15,WBS!$R$5:$R$137),0) -> 0 | F15: =IFERROR(SUMIF(WBS!$B$5:$B$137,A15,WBS!$T$5:$T$137)/SUMIF(WBS!$B$5:$B$137,A15,WBS!$R$5:$R$137),0) -> 0 | G15: =F15-E15 -> 0 | H15: =COUNTIF(WBS!$B$5:$B$137,A15) -> 33 | I15: =COUNTIFS(WBS!$B$5:$B$137,A15,WBS!$U$5:$U$137,"Complete") -> 0 | J15: =COUNTIFS(WBS!$B$5:$B$137,A15,WBS!$U$5:$U$137,"Late") -> 0 | K15: G-D
A16: E | B16: Verification and Qualification | C16: 57 | D16: 70 | E16: =IFERROR(SUMIF(WBS!$B$5:$B$137,A16,WBS!$S$5:$S$137)/SUMIF(WBS!$B$5:$B$137,A16,WBS!$R$5:$R$137),0) -> 0 | F16: =IFERROR(SUMIF(WBS!$B$5:$B$137,A16,WBS!$T$5:$T$137)/SUMIF(WBS!$B$5:$B$137,A16,WBS!$R$5:$R$137),0) -> 0 | G16: =F16-E16 -> 0 | H16: =COUNTIF(WBS!$B$5:$B$137,A16) -> 20 | I16: =COUNTIFS(WBS!$B$5:$B$137,A16,WBS!$U$5:$U$137,"Complete") -> 0 | J16: =COUNTIFS(WBS!$B$5:$B$137,A16,WBS!$U$5:$U$137,"Late") -> 0 | K16: G-E
A17: F | B17: Industrialization and Production Release | C17: 71 | D17: 78 | E17: =IFERROR(SUMIF(WBS!$B$5:$B$137,A17,WBS!$S$5:$S$137)/SUMIF(WBS!$B$5:$B$137,A17,WBS!$R$5:$R$137),0) -> 0 | F17: =IFERROR(SUMIF(WBS!$B$5:$B$137,A17,WBS!$T$5:$T$137)/SUMIF(WBS!$B$5:$B$137,A17,WBS!$R$5:$R$137),0) -> 0 | G17: =F17-E17 -> 0 | H17: =COUNTIF(WBS!$B$5:$B$137,A17) -> 12 | I17: =COUNTIFS(WBS!$B$5:$B$137,A17,WBS!$U$5:$U$137,"Complete") -> 0 | J17: =COUNTIFS(WBS!$B$5:$B$137,A17,WBS!$U$5:$U$137,"Late") -> 0 | K17: G-F
A18: G | B18: Field Operation and Lifecycle Maintenance | C18: 79 | D18: 90 | E18: =IFERROR(SUMIF(WBS!$B$5:$B$137,A18,WBS!$S$5:$S$137)/SUMIF(WBS!$B$5:$B$137,A18,WBS!$R$5:$R$137),0) -> 0 | F18: =IFERROR(SUMIF(WBS!$B$5:$B$137,A18,WBS!$T$5:$T$137)/SUMIF(WBS!$B$5:$B$137,A18,WBS!$R$5:$R$137),0) -> 0 | G18: =F18-E18 -> 0 | H18: =COUNTIF(WBS!$B$5:$B$137,A18) -> 14 | I18: =COUNTIFS(WBS!$B$5:$B$137,A18,WBS!$U$5:$U$137,"Complete") -> 0 | J18: =COUNTIFS(WBS!$B$5:$B$137,A18,WBS!$U$5:$U$137,"Late") -> 0 | K18: G-G
A21: Current Gate Logic and Assumptions
A22: One owner means every row is assigned to “Me”. Overlapping rows are intended to be interleaved within the same week.
A23: Task Actual Completion starts at 0% because no execution evidence was provided. Enter evidence-based progress only.
A24: A cluster gate is accepted only when its gate row reaches 100% and the stated completion criteria are met.
A25: Week 78 is the production release baseline. Weeks 79–90 cover staged rollout, stabilization, upgrades, hardware support and closure readiness.

Sheet Control
A1: ESP32-S3 Solo Project WBS — Control
A3: Field | B3: Value | C3: Purpose | D3: Editable?
A4: Project Name | B4: ESP32-S3 Production Firmware Program | C4: Program tracked by this workbook | D4: Yes
A5: Owner | B5: Parthasarathy CP | C5: Single accountable owner for every work package | D5: Yes
A6: Project Start | B6: 46216 | C6: Monday used to derive weekly dates | D6: Yes
A7: Reporting Week | B7: 1 | C7: Update this value from 1 to 90 for planned-progress/status calculations | D7: Yes
A8: Production Release Week | B8: 78 | C8: Cluster F production release baseline | D8: No
A9: Lifecycle Baseline End Week | B9: 90 | C9: Initial field stabilization and lifecycle closure horizon | D9: No
A10: Overall Planned Completion | B10: =SUM(WBS!S5:S137) -> 0.010899183 | C10: Weighted planned progress at Reporting Week | D10: Formula
A11: Overall Actual Completion | B11: =SUM(WBS!T5:T137) -> 0.11553134 | C11: Weighted sum of task Actual Completion values | D11: Formula
A12: Schedule Variance | B12: =B11-B10 -> 0.10463215 | C12: Actual minus planned | D12: Formula
A13: Late Tasks | B13: =COUNTIF(WBS!U5:U137,"Late") -> 0 | C13: Zero-progress tasks whose end week is before Reporting Week | D13: Formula
A14: Completed Tasks | B14: =COUNTIF(WBS!U5:U137,"Complete") -> 15 | C14: Tasks at 100% | D14: Formula
A15: Total Work Packages | B15: =COUNTA(WBS!A5:A137) -> 133 | C15: Detailed WBS rows | D15: Formula
A17: Progress Update Method
A18: 1 | B18: Set Reporting Week in B7.
A19: 2 | B19: Update WBS column Q (Actual Completion %) using the dropdown.
A20: 3 | B20: Store links or file paths to evidence in WBS column X (Notes).
A21: 4 | B21: Review Dashboard variances, late tasks and cluster gates.

Sheet WBS
A1: ESP32-S3 Production Firmware Program — Detailed Work Breakdown Structure
A2: Baseline: 90 weeks, one owner. Update Actual Completion % and evidence links; all other progress fields calculate automatically.
A4: WBS ID | B4: Cluster | C4: Cluster Name | D4: Phase | E4: Phase Name | F4: Weekly Activity / Work Package | G4: Dependencies | H4: Start Week | I4: End Week | J4: Duration (wks) | K4: Effort Points | L4: Owner | M4: Evidence / Deliverable | N4: Completion Criteria | O4: Gate | P4: Planned Progress % | Q4: Actual Completion % | R4: Weight % | S4: Planned Contribution % | T4: Actual Contribution % | U4: Status | V4: Planned Start | W4: Planned Finish | X4: Notes / Evidence Link
A5: A1.1 | B5: A | C5: Product Definition and Planning | D5: A1 | E5: Product concept definition | F5: Define users, operating environment, installation, power, connectivity, UI, maintenance and update strategy | H5: 1 | I5: 1 | J5: 1 | K5: 1 | L5: Me | M5: Product concept document and primary use-case list | N5: All primary users, operating modes and maintenance assumptions documented | P5: =IF(Control!$B$7<H5,0,IF(Control!$B$7>=I5,1,(Control!$B$7-H5+1)/J5)) -> 1 | Q5: 1 | R5: =K5/SUM($K$5:$K$137) -> 0.0054495913 | S5: =P5*R5 -> 0.0054495913 | T5: =Q5*R5 -> 0.0054495913 | U5: =IF(Q5>=1,"Complete",IF(Q5>0,"In Progress",IF(Control!$B$7<H5,"Not Started",IF(Control!$B$7>I5,"Late","Ready")))) -> Complete | V5: 46216 | W5: 46222
A6: A1.2 | B6: A | C6: Product Definition and Planning | D6: A1 | E6: Product concept definition | F6: Model normal and abnormal operating scenarios | G6: A1.1 | H6: 1 | I6: 2 | J6: 2 | K6: 2 | L6: Me | M6: Normal/abnormal scenario catalogue | N6: Every expected device mode and principal failure scenario has defined behavior | P6: =IF(Control!$B$7<H6,0,IF(Control!$B$7>=I6,1,(Control!$B$7-H6+1)/J6)) -> 0.5 | Q6: 1 | R6: =K6/SUM($K$5:$K$137) -> 0.010899183 | S6: =P6*R6 -> 0.0054495913 | T6: =Q6*R6 -> 0.010899183 | U6: =IF(Q6>=1,"Complete",IF(Q6>0,"In Progress",IF(Control!$B$7<H6,"Not Started",IF(Control!$B$7>I6,"Late","Ready")))) -> Complete | V6: 46216 | W6: 46229
A7: A1.3 | B7: A | C7: Product Definition and Planning | D7: A1 | E7: Product concept definition | F7: Define firmware, cloud, mobile, factory and recovery boundaries | G7: A1.1 | H7: 2 | I7: 2 | J7: 1 | K7: 1 | L7: Me | M7: System context diagram and product-boundary document | N7: Responsibilities are separated with no ambiguous ownership | P7: =IF(Control!$B$7<H7,0,IF(Control!$B$7>=I7,1,(Control!$B$7-H7+1)/J7)) -> 0 | Q7: 1 | R7: =K7/SUM($K$5:$K$137) -> 0.0054495913 | S7: =P7*R7 -> 0 | T7: =Q7*R7 -> 0.0054495913 | U7: =IF(Q7>=1,"Complete",IF(Q7>0,"In Progress",IF(Control!$B$7<H7,"Not Started",IF(Control!$B$7>I7,"Late","Ready")))) -> Complete | V7: 46223 | W7: 46229
A8: A2.1 | B8: A | C8: Product Definition and Planning | D8: A2 | E8: Requirements engineering | F8: Write uniquely identified functional requirements | G8: A1.2,A1.3 | H8: 2 | I8: 3 | J8: 2 | K8: 2 | L8: Me | M8: System requirements specification with FR identifiers | N8: Each function is measurable and traceable | P8: =IF(Control!$B$7<H8,0,IF(Control!$B$7>=I8,1,(Control!$B$7-H8+1)/J8)) -> 0 | Q8: 1 | R8: =K8/SUM($K$5:$K$137) -> 0.010899183 | S8: =P8*R8 -> 0 | T8: =Q8*R8 -> 0.010899183 | U8: =IF(Q8>=1,"Complete",IF(Q8>0,"In Progress",IF(Control!$B$7<H8,"Not Started",IF(Control!$B$7>I8,"Late","Ready")))) -> Complete | V8: 46223 | W8: 46236
A9: A2.2 | B9: A | C9: Product Definition and Planning | D9: A2 | E9: Requirements engineering | F9: Set measurable non-functional budgets for timing, memory, power, availability and security | G9: A2.1 | H9: 3 | I9: 3 | J9: 1 | K9: 1 | L9: Me | M9: Non-functional requirements specification | N9: Every NFR has a numeric target and test method | P9: =IF(Control!$B$7<H9,0,IF(Control!$B$7>=I9,1,(Control!$B$7-H9+1)/J9)) -> 0 | Q9: 1 | R9: =K9/SUM($K$5:$K$137) -> 0.0054495913 | S9: =P9*R9 -> 0 | T9: =Q9*R9 -> 0.0054495913 | U9: =IF(Q9>=1,"Complete",IF(Q9>0,"In Progress",IF(Control!$B$7<H9,"Not Started",IF(Control!$B$7>I9,"Late","Ready")))) -> Complete | V9: 46230 | W9: 46236
A10: A2.3 | B10: A | C10: Product Definition and Planning | D10: A2 | E10: Requirements engineering | F10: Define hardware, communications, diagnostics, manufacturing and OTA interfaces plus environmental constraints | G10: A2.1 | H10: 3 | I10: 4 | J10: 2 | K10: 2 | L10: Me | M10: Interface control document and environmental/regulatory checklist | N10: All external and internal interfaces have limits, ownership and error behavior | P10: =IF(Control!$B$7<H10,0,IF(Control!$B$7>=I10,1,(Control!$B$7-H10+1)/J10)) -> 0 | Q10: 1 | R10: =K10/SUM($K$5:$K$137) -> 0.010899183 | S10: =P10*R10 -> 0 | T10: =Q10*R10 -> 0.010899183 | U10: =IF(Q10>=1,"Complete",IF(Q10>0,"In Progress",IF(Control!$B$7<H10,"Not Started",IF(Control!$B$7>I10,"Late","Ready")))) -> Complete | V10: 46230 | W10: 46243
A11: A2.4 | B11: A | C11: Product Definition and Planning | D11: A2 | E11: Requirements engineering | F11: Build requirements traceability matrix and initial acceptance-test list | G11: A2.2,A2.3 | H11: 4 | I11: 4 | J11: 1 | K11: 1 | L11: Me | M11: Requirements traceability matrix and acceptance-test catalogue | N11: Every requirement maps to architecture and a verification method | P11: =IF(Control!$B$7<H11,0,IF(Control!$B$7>=I11,1,(Control!$B$7-H11+1)/J11)) -> 0 | Q11: 1 | R11: =K11/SUM($K$5:$K$137) -> 0.0054495913 | S11: =P11*R11 -> 0 | T11: =Q11*R11 -> 0.0054495913 | U11: =IF(Q11>=1,"Complete",IF(Q11>0,"In Progress",IF(Control!$B$7<H11,"Not Started",IF(Control!$B$7>I11,"Late","Ready")))) -> Complete | V11: 46237 | W11: 46243
A12: A3.1 | B12: A | C12: Product Definition and Planning | D12: A3 | E12: Feasibility and risk analysis | F12: Validate ESP32-S3/Heltec V3 hardware constraints, pins, flash, PSRAM, RF, USB and power controls | G12: A2.3 | H12: 4 | I12: 5 | J12: 2 | K12: 2 | L12: Me | M12: Hardware feasibility report and verified pin/constraint list | N12: Board revision and all critical electrical constraints are confirmed | P12: =IF(Control!$B$7<H12,0,IF(Control!$B$7>=I12,1,(Control!$B$7-H12+1)/J12)) -> 0 | Q12: 1 | R12: =K12/SUM($K$5:$K$137) -> 0.010899183 | S12: =P12*R12 -> 0 | T12: =Q12*R12 -> 0.010899183 | U12: =IF(Q12>=1,"Complete",IF(Q12>0,"In Progress",IF(Control!$B$7<H12,"Not Started",IF(Control!$B$7>I12,"Late","Ready")))) -> Complete | V12: 46237 | W12: 46250
A13: A3.2 | B13: A | C13: Product Definition and Planning | D13: A3 | E13: Feasibility and risk analysis | F13: Prototype high-risk software capabilities: provisioning, LoRaWAN, TLS, OTA, sleep and storage recovery | G13: A3.1 | H13: 5 | I13: 6 | J13: 2 | K13: 2 | L13: Me | M13: Proof-of-concept applications and test logs | N13: Each high-risk assumption is demonstrated on target hardware | P13: =IF(Control!$B$7<H13,0,IF(Control!$B$7>=I13,1,(Control!$B$7-H13+1)/J13)) -> 0 | Q13: 1 | R13: =K13/SUM($K$5:$K$137) -> 0.010899183 | S13: =P13*R13 -> 0 | T13: =Q13*R13 -> 0.010899183 | U13: =IF(Q13>=1,"Complete",IF(Q13>0,"In Progress",IF(Control!$B$7<H13,"Not Started",IF(Control!$B$7>I13,"Late","Ready")))) -> Complete | V13: 46244 | W13: 46257
A14: A3.3 | B14: A | C14: Product Definition and Planning | D14: A3 | E14: Feasibility and risk analysis | F14: Create risk register and preliminary threat model; close Cluster A gate | G14: A2.4,A3.2 | H14: 6 | I14: 6 | J14: 1 | K14: 1.2 | L14: Me | M14: Risk register, threat model and requirements-baseline review record | N14: Risks have mitigations and the requirements baseline is accepted | O14: G-A | P14: =IF(Control!$B$7<H14,0,IF(Control!$B$7>=I14,1,(Control!$B$7-H14+1)/J14)) -> 0 | Q14: 1 | R14: =K14/SUM($K$5:$K$137) -> 0.0065395095 | S14: =P14*R14 -> 0 | T14: =Q14*R14 -> 0.0065395095 | U14: =IF(Q14>=1,"Complete",IF(Q14>0,"In Progress",IF(Control!$B$7<H14,"Not Started",IF(Control!$B$7>I14,"Late","Ready")))) -> Complete | V14: 46251 | W14: 46257
A15: B1.1 | B15: B | C15: Engineering Foundation | D15: B1 | E15: Development environment setup | F15: Install and pin VS Code, ESP-IDF, Git, Python, CMake/Ninja, drivers and debugger support | G15: A3.3 | H15: 7 | I15: 7 | J15: 1 | K15: 1 | L15: Me | M15: Tool-version manifest and installation record | N15: Pinned tools execute successfully on the Windows workstation | P15: =IF(Control!$B$7<H15,0,IF(Control!$B$7>=I15,1,(Control!$B$7-H15+1)/J15)) -> 0 | Q15: 1 | R15: =K15/SUM($K$5:$K$137) -> 0.0054495913 | S15: =P15*R15 -> 0 | T15: =Q15*R15 -> 0.0054495913 | U15: =IF(Q15>=1,"Complete",IF(Q15>0,"In Progress",IF(Control!$B$7<H15,"Not Started",IF(Control!$B$7>I15,"Late","Ready")))) -> Complete | V15: 46258 | W15: 46264
A16: B1.2 | B16: B | C16: Engineering Foundation | D16: B1 | E16: Development environment setup | F16: Build, flash and monitor a minimal ESP32-S3 project from the controlled workspace | G16: B1.1 | H16: 7 | I16: 8 | J16: 2 | K16: 2 | L16: Me | M16: Minimal project binary, flash log and serial monitor capture | N16: Clean build, flash and target execution succeed | P16: =IF(Control!$B$7<H16,0,IF(Control!$B$7>=I16,1,(Control!$B$7-H16+1)/J16)) -> 0 | Q16: 1 | R16: =K16/SUM($K$5:$K$137) -> 0.010899183 | S16: =P16*R16 -> 0 | T16: =Q16*R16 -> 0.010899183 | U16: =IF(Q16>=1,"Complete",IF(Q16>0,"In Progress",IF(Control!$B$7<H16,"Not Started",IF(Control!$B$7>I16,"Late","Ready")))) -> Complete | V16: 46258 | W16: 46271
A17: B1.3 | B17: B | C17: Engineering Foundation | D17: B1 | E17: Development environment setup | F17: Document workstation setup and onboarding checks | G17: B1.2 | H17: 8 | I17: 8 | J17: 1 | K17: 1 | L17: Me | M17: Developer setup guide and onboarding checklist | N17: A clean workstation can reproduce the setup | P17: =IF(Control!$B$7<H17,0,IF(Control!$B$7>=I17,1,(Control!$B$7-H17+1)/J17)) -> 0 | Q17: 1 | R17: =K17/SUM($K$5:$K$137) -> 0.0054495913 | S17: =P17*R17 -> 0 | T17: =Q17*R17 -> 0.0054495913 | U17: =IF(Q17>=1,"Complete",IF(Q17>0,"In Progress",IF(Control!$B$7<H17,"Not Started",IF(Control!$B$7>I17,"Late","Ready")))) -> Complete | V17: 46265 | W17: 46271
A18: B2.1 | B18: B | C18: Engineering Foundation | D18: B2 | E18: Repository initialization | F18: Create production repository structure, .gitignore and component directories | G18: B1.2 | H18: 8 | I18: 8 | J18: 1 | K18: 1 | L18: Me | M18: Initialized repository and directory baseline | N18: Repository builds from a clean clone and generated files are excluded | P18: =IF(Control!$B$7<H18,0,IF(Control!$B$7>=I18,1,(Control!$B$7-H18+1)/J18)) -> 0 | Q18: 1 | R18: =K18/SUM($K$5:$K$137) -> 0.0054495913 | S18: =P18*R18 -> 0 | T18: =Q18*R18 -> 0.0054495913 | U18: =IF(Q18>=1,"Complete",IF(Q18>0,"In Progress",IF(Control!$B$7<H18,"Not Started",IF(Control!$B$7>I18,"Late","Ready")))) -> Complete | V18: 46265 | W18: 46271
A19: B2.2 | B19: B | C19: Engineering Foundation | D19: B2 | E19: Repository initialization | F19: Define branching, review, commit, release-tag and semantic-version policies | G19: B2.1 | H19: 9 | I19: 9 | J19: 1 | K19: 1 | L19: Me | M19: Source-control and versioning policy | N19: Release and change-control rules are explicit | P19: =IF(Control!$B$7<H19,0,IF(Control!$B$7>=I19,1,(Control!$B$7-H19+1)/J19)) -> 0 | Q19: 1 | R19: =K19/SUM($K$5:$K$137) -> 0.0054495913 | S19: =P19*R19 -> 0 | T19: =Q19*R19 -> 0.0054495913 | U19: =IF(Q19>=1,"Complete",IF(Q19>0,"In Progress",IF(Control!$B$7<H19,"Not Started",IF(Control!$B$7>I19,"Late","Ready")))) -> Complete | V19: 46272 | W19: 46278
A20: B2.3 | B20: B | C20: Engineering Foundation | D20: B2 | E20: Repository initialization | F20: Embed firmware metadata and verify secrets are excluded | G20: B2.2 | H20: 9 | I20: 9 | J20: 1 | K20: 1 | L20: Me | M20: Build metadata output and secret-scan evidence | N20: Binary identifies source/tool versions and no credentials are committed | P20: =IF(Control!$B$7<H20,0,IF(Control!$B$7>=I20,1,(Control!$B$7-H20+1)/J20)) -> 0 | Q20: 0 | R20: =K20/SUM($K$5:$K$137) -> 0.0054495913 | S20: =P20*R20 -> 0 | T20: =Q20*R20 -> 0 | U20: =IF(Q20>=1,"Complete",IF(Q20>0,"In Progress",IF(Control!$B$7<H20,"Not Started",IF(Control!$B$7>I20,"Late","Ready")))) -> Not Started | V20: 46272 | W20: 46278
A21: B3.1 | B21: B | C21: Engineering Foundation | D21: B3 | E21: Build configuration framework | F21: Create debug, validation and production sdkconfig profiles | G21: B2.3 | H21: 9 | I21: 10 | J21: 2 | K21: 2 | L21: Me | M21: Pinned sdkconfig defaults for all profiles | N21: All profiles build and documented differences match policy | P21: =IF(Control!$B$7<H21,0,IF(Control!$B$7>=I21,1,(Control!$B$7-H21+1)/J21)) -> 0 | Q21: 0 | R21: =K21/SUM($K$5:$K$137) -> 0.010899183 | S21: =P21*R21 -> 0 | T21: =Q21*R21 -> 0 | U21: =IF(Q21>=1,"Complete",IF(Q21>0,"In Progress",IF(Control!$B$7<H21,"Not Started",IF(Control!$B$7>I21,"Late","Ready")))) -> Not Started | V21: 46272 | W21: 46285
A22: B3.2 | B22: B | C22: Engineering Foundation | D22: B3 | E22: Build configuration framework | F22: Implement bootstrap, build, flash, erase, monitor and release scripts | G22: B3.1 | H22: 10 | I22: 11 | J22: 2 | K22: 2 | L22: Me | M22: PowerShell/Python build-tool scripts | N22: Scripts operate from a clean checkout without manual path edits | P22: =IF(Control!$B$7<H22,0,IF(Control!$B$7>=I22,1,(Control!$B$7-H22+1)/J22)) -> 0 | Q22: 0 | R22: =K22/SUM($K$5:$K$137) -> 0.010899183 | S22: =P22*R22 -> 0 | T22: =Q22*R22 -> 0 | U22: =IF(Q22>=1,"Complete",IF(Q22>0,"In Progress",IF(Control!$B$7<H22,"Not Started",IF(Control!$B$7>I22,"Late","Ready")))) -> Not Started | V22: 46279 | W22: 46292
A23: B3.3 | B23: B | C23: Engineering Foundation | D23: B3 | E23: Build configuration framework | F23: Add ESP-IDF version guard, image-size checks and deterministic build metadata | G23: B3.2 | H23: 11 | I23: 11 | J23: 1 | K23: 1 | L23: Me | M23: Version-check and image-budget reports | N23: Build fails on wrong toolchain or release-size violation | P23: =IF(Control!$B$7<H23,0,IF(Control!$B$7>=I23,1,(Control!$B$7-H23+1)/J23)) -> 0 | Q23: 0 | R23: =K23/SUM($K$5:$K$137) -> 0.0054495913 | S23: =P23*R23 -> 0 | T23: =Q23*R23 -> 0 | U23: =IF(Q23>=1,"Complete",IF(Q23>0,"In Progress",IF(Control!$B$7<H23,"Not Started",IF(Control!$B$7>I23,"Late","Ready")))) -> Not Started | V23: 46286 | W23: 46292
A24: B4.1 | B24: B | C24: Engineering Foundation | D24: B4 | E24: Continuous integration skeleton | F24: Create CI stages for format, static checks, host tests and profile builds | G24: B3.3 | H24: 11 | I24: 12 | J24: 2 | K24: 2 | L24: Me | M24: CI workflow and successful pipeline run | N24: Every change receives automated checks and build results | P24: =IF(Control!$B$7<H24,0,IF(Control!$B$7>=I24,1,(Control!$B$7-H24+1)/J24)) -> 0 | Q24: 0 | R24: =K24/SUM($K$5:$K$137) -> 0.010899183 | S24: =P24*R24 -> 0 | T24: =Q24*R24 -> 0 | U24: =IF(Q24>=1,"Complete",IF(Q24>0,"In Progress",IF(Control!$B$7<H24,"Not Started",IF(Control!$B$7>I24,"Late","Ready")))) -> Not Started | V24: 46286 | W24: 46299
A25: B4.2 | B25: B | C25: Engineering Foundation | D25: B4 | E25: Continuous integration skeleton | F25: Archive binaries, ELF, MAP, partition table, sdkconfig, logs and test reports | G25: B4.1 | H25: 12 | I25: 12 | J25: 1 | K25: 1 | L25: Me | M25: CI artifact archive | N25: Build outputs are traceable to source revision | P25: =IF(Control!$B$7<H25,0,IF(Control!$B$7>=I25,1,(Control!$B$7-H25+1)/J25)) -> 0 | Q25: 0 | R25: =K25/SUM($K$5:$K$137) -> 0.0054495913 | S25: =P25*R25 -> 0 | T25: =Q25*R25 -> 0 | U25: =IF(Q25>=1,"Complete",IF(Q25>0,"In Progress",IF(Control!$B$7<H25,"Not Started",IF(Control!$B$7>I25,"Late","Ready")))) -> Not Started | V25: 46293 | W25: 46299
A26: B4.3 | B26: B | C26: Engineering Foundation | D26: B4 | E26: Continuous integration skeleton | F26: Reproduce clean checkout-to-flash workflow and close Cluster B gate | G26: B1.3,B4.2 | H26: 12 | I26: 12 | J26: 1 | K26: 1.2 | L26: Me | M26: Engineering-baseline gate review | N26: Toolchain, repository, scripts and CI are reproducible | O26: G-B | P26: =IF(Control!$B$7<H26,0,IF(Control!$B$7>=I26,1,(Control!$B$7-H26+1)/J26)) -> 0 | Q26: 0 | R26: =K26/SUM($K$5:$K$137) -> 0.0065395095 | S26: =P26*R26 -> 0 | T26: =Q26*R26 -> 0 | U26: =IF(Q26>=1,"Complete",IF(Q26>0,"In Progress",IF(Control!$B$7<H26,"Not Started",IF(Control!$B$7>I26,"Late","Ready")))) -> Not Started | V26: 46293 | W26: 46299
A27: C1.1 | B27: C | C27: Platform and Architecture Development | D27: C1 | E27: System architecture | F27: Define firmware layers, component groups and dependency direction | G27: B4.3 | H27: 13 | I27: 13 | J27: 1 | K27: 1 | L27: Me | M27: Architecture document and component diagram | N27: Layering prevents product logic from bypassing platform abstractions | P27: =IF(Control!$B$7<H27,0,IF(Control!$B$7>=I27,1,(Control!$B$7-H27+1)/J27)) -> 0 | Q27: 0 | R27: =K27/SUM($K$5:$K$137) -> 0.0054495913 | S27: =P27*R27 -> 0 | T27: =Q27*R27 -> 0 | U27: =IF(Q27>=1,"Complete",IF(Q27>0,"In Progress",IF(Control!$B$7<H27,"Not Started",IF(Control!$B$7>I27,"Late","Ready")))) -> Not Started | V27: 46300 | W27: 46306
A28: C1.2 | B28: C | C28: Platform and Architecture Development | D28: C1 | E28: System architecture | F28: Specify component APIs, ownership, threading, initialization and error contracts | G28: C1.1 | H28: 13 | I28: 14 | J28: 2 | K28: 2 | L28: Me | M28: Component interface specifications | N28: Every mutable resource and interface has a single owner | P28: =IF(Control!$B$7<H28,0,IF(Control!$B$7>=I28,1,(Control!$B$7-H28+1)/J28)) -> 0 | Q28: 0 | R28: =K28/SUM($K$5:$K$137) -> 0.010899183 | S28: =P28*R28 -> 0 | T28: =Q28*R28 -> 0 | U28: =IF(Q28>=1,"Complete",IF(Q28>0,"In Progress",IF(Control!$B$7<H28,"Not Started",IF(Control!$B$7>I28,"Late","Ready")))) -> Not Started | V28: 46300 | W28: 46313
A29: C1.3 | B29: C | C29: Platform and Architecture Development | D29: C1 | E29: System architecture | F29: Record architecture decisions and review for circular/overlapping responsibilities | G29: C1.2 | H29: 14 | I29: 14 | J29: 1 | K29: 1 | L29: Me | M29: Architecture decision records and review checklist | N29: No circular dependencies or overlapping responsibilities remain | P29: =IF(Control!$B$7<H29,0,IF(Control!$B$7>=I29,1,(Control!$B$7-H29+1)/J29)) -> 0 | Q29: 0 | R29: =K29/SUM($K$5:$K$137) -> 0.0054495913 | S29: =P29*R29 -> 0 | T29: =Q29*R29 -> 0 | U29: =IF(Q29>=1,"Complete",IF(Q29>0,"In Progress",IF(Control!$B$7<H29,"Not Started",IF(Control!$B$7>I29,"Late","Ready")))) -> Not Started | V29: 46307 | W29: 46313
A30: C2.1 | B30: C | C30: Platform and Architecture Development | D30: C2 | E30: Board support package | F30: Define board pins, active levels, pulls, electrical capabilities and revision detection | G30: C1.3 | H30: 15 | I30: 15 | J30: 1 | K30: 1 | L30: Me | M30: Board pin map and revision strategy | N30: All board-specific data is isolated in the BSP | P30: =IF(Control!$B$7<H30,0,IF(Control!$B$7>=I30,1,(Control!$B$7-H30+1)/J30)) -> 0 | Q30: 0 | R30: =K30/SUM($K$5:$K$137) -> 0.0054495913 | S30: =P30*R30 -> 0 | T30: =Q30*R30 -> 0 | U30: =IF(Q30>=1,"Complete",IF(Q30>0,"In Progress",IF(Control!$B$7<H30,"Not Started",IF(Control!$B$7>I30,"Late","Ready")))) -> Not Started | V30: 46314 | W30: 46320
A31: C2.2 | B31: C | C31: Platform and Architecture Development | D31: C2 | E31: Board support package | F31: Implement safe startup, peripheral power sequencing and bus initialization | G31: C2.1 | H31: 15 | I31: 16 | J31: 2 | K31: 2 | L31: Me | M31: Board initialization code and startup-sequence trace | N31: Startup drives no unsafe outputs and buses initialize deterministically | P31: =IF(Control!$B$7<H31,0,IF(Control!$B$7>=I31,1,(Control!$B$7-H31+1)/J31)) -> 0 | Q31: 0 | R31: =K31/SUM($K$5:$K$137) -> 0.010899183 | S31: =P31*R31 -> 0 | T31: =Q31*R31 -> 0 | U31: =IF(Q31>=1,"Complete",IF(Q31>0,"In Progress",IF(Control!$B$7<H31,"Not Started",IF(Control!$B$7>I31,"Late","Ready")))) -> Not Started | V31: 46314 | W31: 46327
A32: C2.3 | B32: C | C32: Platform and Architecture Development | D32: C2 | E32: Board support package | F32: Build board self-test for GPIO, buttons, LED, I2C, SPI, OLED, SX1262, ADC and Vext | G32: C2.2 | H32: 16 | I32: 17 | J32: 2 | K32: 2 | L32: Me | M32: Board self-test application and pass report | N32: Every board peripheral is independently verified | P32: =IF(Control!$B$7<H32,0,IF(Control!$B$7>=I32,1,(Control!$B$7-H32+1)/J32)) -> 0 | Q32: 0 | R32: =K32/SUM($K$5:$K$137) -> 0.010899183 | S32: =P32*R32 -> 0 | T32: =Q32*R32 -> 0 | U32: =IF(Q32>=1,"Complete",IF(Q32>0,"In Progress",IF(Control!$B$7<H32,"Not Started",IF(Control!$B$7>I32,"Late","Ready")))) -> Not Started | V32: 46321 | W32: 46334
A33: C3.1 | B33: C | C33: Platform and Architecture Development | D33: C3 | E33: HAL and device drivers | F33: Implement HAL wrappers for GPIO, I2C, SPI, UART, ADC, PWM, timers and power | G33: C2.2 | H33: 18 | I33: 19 | J33: 2 | K33: 2 | L33: Me | M33: HAL components and API documentation | N33: Application and drivers use HAL contracts rather than raw peripheral calls | P33: =IF(Control!$B$7<H33,0,IF(Control!$B$7>=I33,1,(Control!$B$7-H33+1)/J33)) -> 0 | Q33: 0 | R33: =K33/SUM($K$5:$K$137) -> 0.010899183 | S33: =P33*R33 -> 0 | T33: =Q33*R33 -> 0 | U33: =IF(Q33>=1,"Complete",IF(Q33>0,"In Progress",IF(Control!$B$7<H33,"Not Started",IF(Control!$B$7>I33,"Late","Ready")))) -> Not Started | V33: 46335 | W33: 46348
A34: C3.2 | B34: C | C34: Platform and Architecture Development | D34: C3 | E34: HAL and device drivers | F34: Implement core sensor, actuator, LED and button drivers with structured errors | G34: C3.1 | H34: 19 | I34: 20 | J34: 2 | K34: 2 | L34: Me | M34: Core device-driver components and unit tests | N34: Normal, invalid-input, timeout and missing-device paths are covered | P34: =IF(Control!$B$7<H34,0,IF(Control!$B$7>=I34,1,(Control!$B$7-H34+1)/J34)) -> 0 | Q34: 0 | R34: =K34/SUM($K$5:$K$137) -> 0.010899183 | S34: =P34*R34 -> 0 | T34: =Q34*R34 -> 0 | U34: =IF(Q34>=1,"Complete",IF(Q34>0,"In Progress",IF(Control!$B$7<H34,"Not Started",IF(Control!$B$7>I34,"Late","Ready")))) -> Not Started | V34: 46342 | W34: 46355
A35: C3.3 | B35: C | C35: Platform and Architecture Development | D35: C3 | E35: HAL and device drivers | F35: Implement OLED, SX1262 and battery-monitor drivers | G35: C3.1,C2.3 | H35: 20 | I35: 21 | J35: 2 | K35: 2 | L35: Me | M35: Display, radio and battery driver test applications | N35: Drivers initialize and recover from communication faults | P35: =IF(Control!$B$7<H35,0,IF(Control!$B$7>=I35,1,(Control!$B$7-H35+1)/J35)) -> 0 | Q35: 0 | R35: =K35/SUM($K$5:$K$137) -> 0.010899183 | S35: =P35*R35 -> 0 | T35: =Q35*R35 -> 0 | U35: =IF(Q35>=1,"Complete",IF(Q35>0,"In Progress",IF(Control!$B$7<H35,"Not Started",IF(Control!$B$7>I35,"Late","Ready")))) -> Not Started | V35: 46349 | W35: 46362
A36: C3.4 | B36: C | C36: Platform and Architecture Development | D36: C3 | E36: HAL and device drivers | F36: Run bus recovery, repeated-init and ownership/concurrency tests | G36: C3.2,C3.3 | H36: 21 | I36: 21 | J36: 1 | K36: 1 | L36: Me | M36: Driver fault-injection report | N36: Peripheral access is serialized and structured errors propagate | P36: =IF(Control!$B$7<H36,0,IF(Control!$B$7>=I36,1,(Control!$B$7-H36+1)/J36)) -> 0 | Q36: 0 | R36: =K36/SUM($K$5:$K$137) -> 0.0054495913 | S36: =P36*R36 -> 0 | T36: =Q36*R36 -> 0 | U36: =IF(Q36>=1,"Complete",IF(Q36>0,"In Progress",IF(Control!$B$7<H36,"Not Started",IF(Control!$B$7>I36,"Late","Ready")))) -> Not Started | V36: 46356 | W36: 46362
A37: C4.1 | B37: C | C37: Platform and Architecture Development | D37: C4 | E37: Flash, bootloader, and partition architecture | F37: Design 8 MB partition table and warning/release/hard image budgets | G37: C1.3 | H37: 15 | I37: 16 | J37: 2 | K37: 2 | L37: Me | M37: Production partition CSV and size-budget rationale | N37: All partitions fit and both OTA slots accept the release limit | P37: =IF(Control!$B$7<H37,0,IF(Control!$B$7>=I37,1,(Control!$B$7-H37+1)/J37)) -> 0 | Q37: 0 | R37: =K37/SUM($K$5:$K$137) -> 0.010899183 | S37: =P37*R37 -> 0 | T37: =Q37*R37 -> 0 | U37: =IF(Q37>=1,"Complete",IF(Q37>0,"In Progress",IF(Control!$B$7<H37,"Not Started",IF(Control!$B$7>I37,"Late","Ready")))) -> Not Started | V37: 46314 | W37: 46327
A38: C4.2 | B38: C | C38: Platform and Architecture Development | D38: C4 | E38: Flash, bootloader, and partition architecture | F38: Define boot selection, trial-boot, rollback and recovery-entry flows | G38: C4.1 | H38: 17 | I38: 17 | J38: 1 | K38: 1 | L38: Me | M38: Boot-flow and recovery-flow diagrams | N38: All boot and recovery paths have deterministic entry criteria | P38: =IF(Control!$B$7<H38,0,IF(Control!$B$7>=I38,1,(Control!$B$7-H38+1)/J38)) -> 0 | Q38: 0 | R38: =K38/SUM($K$5:$K$137) -> 0.0054495913 | S38: =P38*R38 -> 0 | T38: =Q38*R38 -> 0 | U38: =IF(Q38>=1,"Complete",IF(Q38>0,"In Progress",IF(Control!$B$7<H38,"Not Started",IF(Control!$B$7>I38,"Late","Ready")))) -> Not Started | V38: 46328 | W38: 46334
... A56: C8.4 | B56: C | C56: Platform and Architecture Development | D56: C8 | E56: Diagnostics and health monitoring | F56: Document core-dump retrieval and diagnostic triage workflow | G56: C8.3 | H56: 31 | I56: 31 | J56: 1 | K56: 1 | L56: Me | M56: Field diagnostic and core-dump guide | N56: A fault can be captured, decoded and linked to a build | P56: =IF(Control!$B$7<H56,0,IF(Control!$B$7>=I56,1,(Control!$B$7-H56+1)/J56)) -> 0 | Q56: 0 | R56: =K56/SUM($K$5:$K$137) -> 0.0054495913 | S56: =P56*R56 -> 0 | T56: =Q56*R56 -> 0 | U56: =IF(Q56>=1,"Complete",IF(Q56>0,"In Progress",IF(Control!$B$7<H56,"Not Started",IF(Control!$B$7>I56,"Late","Ready")))) -> Not Started | V56: 46426 | W56: 46432
A57: C.G1 | B57: C | C57: Platform and Architecture Development | D57: C8 | E57: Diagnostics and health monitoring | F57: Integrate board, drivers, storage, startup, RTOS and diagnostics into platform baseline | G57: C5.4,C6.4,C7.4,C8.4 | H57: 32 | I57: 33 | J57: 2 | K57: 2.6 | L57: Me | M57: Integrated platform build and interface test report | N57: Platform services run together without product-specific coupling | O57: G-C | P57: =IF(Control!$B$7<H57,0,IF(Control!$B$7>=I57,1,(Control!$B$7-H57+1)/J57)) -> 0 | Q57: 0 | R57: =K57/SUM($K$5:$K$137) -> 0.014168937 | S57: =P57*R57 -> 0 | T57: =Q57*R57 -> 0 | U57: =IF(Q57>=1,"Complete",IF(Q57>0,"In Progress",IF(Control!$B$7<H57,"Not Started",IF(Control!$B$7>I57,"Late","Ready")))) -> Not Started | V57: 46433 | W57: 46446
A58: C.G2 | B58: C | C58: Platform and Architecture Development | D58: C8 | E58: Diagnostics and health monitoring | F58: Run 72-hour platform soak, close blockers and approve Cluster C gate | G58: C.G1 | H58: 33 | I58: 34 | J58: 2 | K58: 2.6 | L58: Me | M58: Soak report, defect closure list and platform-baseline approval | N58: No unexplained reset, heap drift or critical open defect remains | O58: G-C | P58: =IF(Control!$B$7<H58,0,IF(Control!$B$7>=I58,1,(Control!$B$7-H58+1)/J58)) -> 0 | Q58: 0 | R58: =K58/SUM($K$5:$K$137) -> 0.014168937 | S58: =P58*R58 -> 0 | T58: =Q58*R58 -> 0 | U58: =IF(Q58>=1,"Complete",IF(Q58>0,"In Progress",IF(Control!$B$7<H58,"Not Started",IF(Control!$B$7>I58,"Late","Ready")))) -> Not Started | V58: 46440 | W58: 46453
A59: D1.1 | B59: D | C59: Product Feature Development | D59: D1 | E59: Product state machine | F59: Define device states, product commands and events | G59: C.G2 | H59: 35 | I59: 35 | J59: 1 | K59: 1 | L59: Me | M59: Product state diagram and command/event catalogue | N59: All mandatory product modes map to explicit states | P59: =IF(Control!$B$7<H59,0,IF(Control!$B$7>=I59,1,(Control!$B$7-H59+1)/J59)) -> 0 | Q59: 0 | R59: =K59/SUM($K$5:$K$137) -> 0.0054495913 | S59: =P59*R59 -> 0 | T59: =Q59*R59 -> 0 | U59: =IF(Q59>=1,"Complete",IF(Q59>0,"In Progress",IF(Control!$B$7<H59,"Not Started",IF(Control!$B$7>I59,"Late","Ready")))) -> Not Started | V59: 46454 | W59: 46460
A60: D1.2 | B60: D | C60: Product Feature Development | D60: D1 | E60: Product state machine | F60: Implement transition handlers, timeouts, failure paths and persistent state | G60: D1.1 | H60: 36 | I60: 36 | J60: 1 | K60: 1 | L60: Me | M60: State transition table and implementation | N60: Transitions are deterministic with defined unexpected-event behavior | P60: =IF(Control!$B$7<H60,0,IF(Control!$B$7>=I60,1,(Control!$B$7-H60+1)/J60)) -> 0 | Q60: 0 | R60: =K60/SUM($K$5:$K$137) -> 0.0054495913 | S60: =P60*R60 -> 0 | T60: =Q60*R60 -> 0 | U60: =IF(Q60>=1,"Complete",IF(Q60>0,"In Progress",IF(Control!$B$7<H60,"Not Started",IF(Control!$B$7>I60,"Late","Ready")))) -> Not Started | V60: 46461 | W60: 46467
A61: D1.3 | B61: D | C61: Product Feature Development | D61: D1 | E61: Product state machine | F61: Unit-test normal, degraded, maintenance, update, safe and recovery transitions | G61: D1.2 | H61: 37 | I61: 37 | J61: 1 | K61: 1 | L61: Me | M61: State-machine unit-test report | N61: Critical transitions and invalid-event paths pass | P61: =IF(Control!$B$7<H61,0,IF(Control!$B$7>=I61,1,(Control!$B$7-H61+1)/J61)) -> 0 | Q61: 0 | R61: =K61/SUM($K$5:$K$137) -> 0.0054495913 | S61: =P61*R61 -> 0 | T61: =Q61*R61 -> 0 | U61: =IF(Q61>=1,"Complete",IF(Q61>0,"In Progress",IF(Control!$B$7<H61,"Not Started",IF(Control!$B$7>I61,"Late","Ready")))) -> Not Started | V61: 46468 | W61: 46474
A62: D2.1 | B62: D | C62: Product Feature Development | D62: D2 | E62: Connectivity services | F62: Implement single-owner Wi-Fi network manager and lifecycle states | G62: D1.3 | H62: 38 | I62: 38 | J62: 1 | K62: 1 | L62: Me | M62: Network manager component | N62: Only the network manager controls Wi-Fi | P62: =IF(Control!$B$7<H62,0,IF(Control!$B$7>=I62,1,(Control!$B$7-H62+1)/J62)) -> 0 | Q62: 0 | R62: =K62/SUM($K$5:$K$137) -> 0.0054495913 | S62: =P62*R62 -> 0 | T62: =Q62*R62 -> 0 | U62: =IF(Q62>=1,"Complete",IF(Q62>0,"In Progress",IF(Control!$B$7<H62,"Not Started",IF(Control!$B$7>I62,"Late","Ready")))) -> Not Started | V62: 46475 | W62: 46481
A63: D2.2 | B63: D | C63: Product Feature Development | D63: D2 | E63: Connectivity services | F63: Implement selected provisioning and authorized reset workflow | G63: D2.1 | H63: 39 | I63: 39 | J63: 1 | K63: 1 | L63: Me | M63: Provisioning service and provisioning test logs | N63: Fresh and reset devices provision successfully | P63: =IF(Control!$B$7<H63,0,IF(Control!$B$7>=I63,1,(Control!$B$7-H63+1)/J63)) -> 0 | Q63: 0 | R63: =K63/SUM($K$5:$K$137) -> 0.0054495913 | S63: =P63*R63 -> 0 | T63: =Q63*R63 -> 0 | U63: =IF(Q63>=1,"Complete",IF(Q63>0,"In Progress",IF(Control!$B$7<H63,"Not Started",IF(Control!$B$7>I63,"Late","Ready")))) -> Not Started | V63: 46482 | W63: 46488
A64: D2.3 | B64: D | C64: Product Feature Development | D64: D2 | E64: Connectivity services | F64: Implement exponential backoff with jitter and connection diagnostics | G64: D2.2 | H64: 40 | I64: 40 | J64: 1 | K64: 1 | L64: Me | M64: Retry/backoff implementation and metrics | N64: Reconnect storms are prevented and reasons are recorded | P64: =IF(Control!$B$7<H64,0,IF(Control!$B$7>=I64,1,(Control!$B$7-H64+1)/J64)) -> 0 | Q64: 0 | R64: =K64/SUM($K$5:$K$137) -> 0.0054495913 | S64: =P64*R64 -> 0 | T64: =Q64*R64 -> 0 | U64: =IF(Q64>=1,"Complete",IF(Q64>0,"In Progress",IF(Control!$B$7<H64,"Not Started",IF(Control!$B$7>I64,"Late","Ready")))) -> Not Started | V64: 46489 | W64: 46495
A65: D2.4 | B65: D | C65: Product Feature Development | D65: D2 | E65: Connectivity services | F65: Test long-duration network loss, recovery and repeated provisioning | G65: D2.3 | H65: 40 | I65: 40 | J65: 1 | K65: 1 | L65: Me | M65: Connectivity resilience report | N65: Extended outages do not destabilize memory, storage or state | P65: =IF(Control!$B$7<H65,0,IF(Control!$B$7>=I65,1,(Control!$B$7-H65+1)/J65)) -> 0 | Q65: 0 | R65: =K65/SUM($K$5:$K$137) -> 0.0054495913 | S65: =P65*R65 -> 0 | T65: =Q65*R65 -> 0 | U65: =IF(Q65>=1,"Complete",IF(Q65>0,"In Progress",IF(Control!$B$7<H65,"Not Started",IF(Control!$B$7>I65,"Late","Ready")))) -> Not Started | V65: 46489 | W65: 46495
A66: D3.1 | B66: D | C66: Product Feature Development | D66: D3 | E66: LoRa and LoRaWAN services | F66: Integrate SX1262 reset, busy, DIO, frequency, power, sleep and wake behavior | G66: C3.3,D1.3 | H66: 41 | I66: 42 | J66: 2 | K66: 2 | L66: Me | M66: Radio service and radio test logs | N66: Radio configuration and interrupt paths are stable | P66: =IF(Control!$B$7<H66,0,IF(Control!$B$7>=I66,1,(Control!$B$7-H66+1)/J66)) -> 0 | Q66: 0 | R66: =K66/SUM($K$5:$K$137) -> 0.010899183 | S66: =P66*R66 -> 0 | T66: =Q66*R66 -> 0 | U66: =IF(Q66>=1,"Complete",IF(Q66>0,"In Progress",IF(Control!$B$7<H66,"Not Started",IF(Control!$B$7>I66,"Late","Ready")))) -> Not Started | V66: 46496 | W66: 46509
A67: D3.2 | B67: D | C67: Product Feature Development | D67: D3 | E67: LoRa and LoRaWAN services | F67: Integrate LoRaWAN OTAA join, uplink, downlink, ADR and retry scheduling | G67: D3.1 | H67: 42 | I67: 43 | J67: 2 | K67: 2 | L67: Me | M67: LoRaWAN manager and network-server test evidence | N67: Join and message exchange succeed reliably | P67: =IF(Control!$B$7<H67,0,IF(Control!$B$7>=I67,1,(Control!$B$7-H67+1)/J67)) -> 0 | Q67: 0 | R67: =K67/SUM($K$5:$K$137) -> 0.010899183 | S67: =P67*R67 -> 0 | T67: =Q67*R67 -> 0 | U67: =IF(Q67>=1,"Complete",IF(Q67>0,"In Progress",IF(Control!$B$7<H67,"Not Started",IF(Control!$B$7>I67,"Late","Ready")))) -> Not Started | V67: 46503 | W67: 46516
A68: D3.3 | B68: D | C68: Product Feature Development | D68: D3 | E68: LoRa and LoRaWAN services | F68: Persist frame counters and enforce region/key handling rules | G68: D3.2,C7.4 | H68: 43 | I68: 44 | J68: 2 | K68: 2 | L68: Me | M68: Counter persistence and regional compliance tests | N68: Reset cannot cause prohibited counter reuse or region mismatch | P68: =IF(Control!$B$7<H68,0,IF(Control!$B$7>=I68,1,(Control!$B$7-H68+1)/J68)) -> 0 | Q68: 0 | R68: =K68/SUM($K$5:$K$137) -> 0.010899183 | S68: =P68*R68 -> 0 | T68: =Q68*R68 -> 0 | U68: =IF(Q68>=1,"Complete",IF(Q68>0,"In Progress",IF(Control!$B$7<H68,"Not Started",IF(Control!$B$7>I68,"Late","Ready")))) -> Not Started | V68: 46510 | W68: 46523
A69: D3.4 | B69: D | C69: Product Feature Development | D69: D3 | E69: LoRa and LoRaWAN services | F69: Run long-duration join/uplink/downlink stability test | G69: D3.3 | H69: 44 | I69: 44 | J69: 1 | K69: 1 | L69: Me | M69: LoRaWAN endurance report | N69: Long-run operation meets reliability and duty-cycle requirements | P69: =IF(Control!$B$7<H69,0,IF(Control!$B$7>=I69,1,(Control!$B$7-H69+1)/J69)) -> 0 | Q69: 0 | R69: =K69/SUM($K$5:$K$137) -> 0.0054495913 | S69: =P69*R69 -> 0 | T69: =Q69*R69 -> 0 | U69: =IF(Q69>=1,"Complete",IF(Q69>0,"In Progress",IF(Control!$B$7<H69,"Not Started",IF(Control!$B$7>I69,"Late","Ready")))) -> Not Started | V69: 46517 | W69: 46523
A70: D4.1 | B70: D | C70: Product Feature Development | D70: D4 | E70: Cloud and transport services | F70: Define transport abstraction and versioned telemetry schema | G70: D1.3 | H70: 45 | I70: 45 | J70: 1 | K70: 1 | L70: Me | M70: Transport API and telemetry specification | N70: Product logic is independent of MQTT/HTTP specifics | P70: =IF(Control!$B$7<H70,0,IF(Control!$B$7>=I70,1,(Control!$B$7-H70+1)/J70)) -> 0 | Q70: 0 | R70: =K70/SUM($K$5:$K$137) -> 0.0054495913 | S70: =P70*R70 -> 0 | T70: =Q70*R70 -> 0 | U70: =IF(Q70>=1,"Complete",IF(Q70>0,"In Progress",IF(Control!$B$7<H70,"Not Started",IF(Control!$B$7>I70,"Late","Ready")))) -> Not Started | V70: 46524 | W70: 46530
... A89: D8.4 | B89: D | C89: Product Feature Development | D89: D8 | E89: Security implementation | F89: Implement security failure handling and verify unauthorized workflows fail | G89: D8.3 | H89: 54 | I89: 54 | J89: 1 | K89: 1 | L89: Me | M89: Security failure-path test report | N89: Invalid signatures, identity faults and unauthorized resets are bounded | P89: =IF(Control!$B$7<H89,0,IF(Control!$B$7>=I89,1,(Control!$B$7-H89+1)/J89)) -> 0 | Q89: 0 | R89: =K89/SUM($K$5:$K$137) -> 0.0054495913 | S89: =P89*R89 -> 0 | T89: =Q89*R89 -> 0 | U89: =IF(Q89>=1,"Complete",IF(Q89>0,"In Progress",IF(Control!$B$7<H89,"Not Started",IF(Control!$B$7>I89,"Late","Ready")))) -> Not Started | V89: 46587 | W89: 46593
A90: D.G1 | B90: D | C90: Product Feature Development | D90: D1 | E90: Product state machine | F90: Integrate product state, connectivity, LoRaWAN, cloud, sensing, power, OTA and security | G90: D2.4,D3.4,D4.4,D5.4,D6.4,D7.4,D8.4 | H90: 55 | I90: 55 | J90: 1 | K90: 1.4 | L90: Me | M90: Feature-complete integrated build and system smoke report | N90: All mandatory features operate together | O90: G-D | P90: =IF(Control!$B$7<H90,0,IF(Control!$B$7>=I90,1,(Control!$B$7-H90+1)/J90)) -> 0 | Q90: 0 | R90: =K90/SUM($K$5:$K$137) -> 0.0076294278 | S90: =P90*R90 -> 0 | T90: =Q90*R90 -> 0 | U90: =IF(Q90>=1,"Complete",IF(Q90>0,"In Progress",IF(Control!$B$7<H90,"Not Started",IF(Control!$B$7>I90,"Late","Ready")))) -> Not Started | V90: 46594 | W90: 46600
A91: D.G2 | B91: D | C91: Product Feature Development | D91: D1 | E91: Product state machine | F91: Close feature blockers and approve Cluster D gate | G91: D.G1 | H91: 56 | I91: 56 | J91: 1 | K91: 1.4 | L91: Me | M91: Feature-complete gate review and defect disposition | N91: No critical feature remains prototype-only | O91: G-D | P91: =IF(Control!$B$7<H91,0,IF(Control!$B$7>=I91,1,(Control!$B$7-H91+1)/J91)) -> 0 | Q91: 0 | R91: =K91/SUM($K$5:$K$137) -> 0.0076294278 | S91: =P91*R91 -> 0 | T91: =Q91*R91 -> 0 | U91: =IF(Q91>=1,"Complete",IF(Q91>0,"In Progress",IF(Control!$B$7<H91,"Not Started",IF(Control!$B$7>I91,"Late","Ready")))) -> Not Started | V91: 46601 | W91: 46607
A92: E1.1 | B92: E | C92: Verification and Qualification | D92: E1 | E92: Static verification | F92: Enforce warning policy, formatting, naming, headers and API documentation | G92: D.G2 | H92: 57 | I92: 57 | J92: 1 | K92: 1 | L92: Me | M92: Compiler/style report | N92: Selected warnings are errors and style violations are resolved | P92: =IF(Control!$B$7<H92,0,IF(Control!$B$7>=I92,1,(Control!$B$7-H92+1)/J92)) -> 0 | Q92: 0 | R92: =K92/SUM($K$5:$K$137) -> 0.0054495913 | S92: =P92*R92 -> 0 | T92: =Q92*R92 -> 0 | U92: =IF(Q92>=1,"Complete",IF(Q92>0,"In Progress",IF(Control!$B$7<H92,"Not Started",IF(Control!$B$7>I92,"Late","Ready")))) -> Not Started | V92: 46608 | W92: 46614
A93: E1.2 | B93: E | C93: Verification and Qualification | D93: E1 | E93: Static verification | F93: Run static analysis for memory, integer, locking, resource and return-value defects | G93: E1.1 | H93: 58 | I93: 58 | J93: 1 | K93: 1 | L93: Me | M93: Static-analysis report | N93: No unresolved critical finding remains | P93: =IF(Control!$B$7<H93,0,IF(Control!$B$7>=I93,1,(Control!$B$7-H93+1)/J93)) -> 0 | Q93: 0 | R93: =K93/SUM($K$5:$K$137) -> 0.0054495913 | S93: =P93*R93 -> 0 | T93: =Q93*R93 -> 0 | U93: =IF(Q93>=1,"Complete",IF(Q93>0,"In Progress",IF(Control!$B$7<H93,"Not Started",IF(Control!$B$7>I93,"Late","Ready")))) -> Not Started | V93: 46615 | W93: 46621
A94: E1.3 | B94: E | C94: Verification and Qualification | D94: E1 | E94: Static verification | F94: Review complexity, dead code, duplicate code and approved deviations | G94: E1.2 | H94: 58 | I94: 58 | J94: 1 | K94: 1 | L94: Me | M94: Code-review record and deviation register | N94: All deviations are documented and accepted | P94: =IF(Control!$B$7<H94,0,IF(Control!$B$7>=I94,1,(Control!$B$7-H94+1)/J94)) -> 0 | Q94: 0 | R94: =K94/SUM($K$5:$K$137) -> 0.0054495913 | S94: =P94*R94 -> 0 | T94: =Q94*R94 -> 0 | U94: =IF(Q94>=1,"Complete",IF(Q94>0,"In Progress",IF(Control!$B$7<H94,"Not Started",IF(Control!$B$7>I94,"Late","Ready")))) -> Not Started | V94: 46615 | W94: 46621
A95: E2.1 | B95: E | C95: Verification and Qualification | D95: E2 | E95: Unit and component testing | F95: Expand host tests for state machines, parsers, serialization, migration, retry and algorithms | G95: D.G2 | H95: 57 | I95: 58 | J95: 2 | K95: 2 | L95: Me | M95: Host unit-test suite and report | N95: Critical pure logic and error paths pass | P95: =IF(Control!$B$7<H95,0,IF(Control!$B$7>=I95,1,(Control!$B$7-H95+1)/J95)) -> 0 | Q95: 0 | R95: =K95/SUM($K$5:$K$137) -> 0.010899183 | S95: =P95*R95 -> 0 | T95: =Q95*R95 -> 0 | U95: =IF(Q95>=1,"Complete",IF(Q95>0,"In Progress",IF(Control!$B$7<H95,"Not Started",IF(Control!$B$7>I95,"Late","Ready")))) -> Not Started | V95: 46608 | W95: 46621
A96: E2.2 | B96: E | C96: Verification and Qualification | D96: E2 | E96: Unit and component testing | F96: Run target unit tests for storage, drivers, queues, timers, network and OTA managers | G96: E2.1 | H96: 59 | I96: 59 | J96: 1 | K96: 1 | L96: Me | M96: Target component-test report | N96: ESP-IDF-dependent components pass on hardware | P96: =IF(Control!$B$7<H96,0,IF(Control!$B$7>=I96,1,(Control!$B$7-H96+1)/J96)) -> 0 | Q96: 0 | R96: =K96/SUM($K$5:$K$137) -> 0.0054495913 | S96: =P96*R96 -> 0 | T96: =Q96*R96 -> 0 | U96: =IF(Q96>=1,"Complete",IF(Q96>0,"In Progress",IF(Control!$B$7<H96,"Not Started",IF(Control!$B$7>I96,"Late","Ready")))) -> Not Started | V96: 46622 | W96: 46628
A97: E2.3 | B97: E | C97: Verification and Qualification | D97: E2 | E97: Unit and component testing | F97: Complete mocks/fakes, practical coverage review and CI automation | G97: E2.2 | H97: 60 | I97: 60 | J97: 1 | K97: 1 | L97: Me | M97: Test doubles, coverage summary and automated test job | N97: Tests are repeatable in CI or controlled hardware | P97: =IF(Control!$B$7<H97,0,IF(Control!$B$7>=I97,1,(Control!$B$7-H97+1)/J97)) -> 0 | Q97: 0 | R97: =K97/SUM($K$5:$K$137) -> 0.0054495913 | S97: =P97*R97 -> 0 | T97: =Q97*R97 -> 0 | U97: =IF(Q97>=1,"Complete",IF(Q97>0,"In Progress",IF(Control!$B$7<H97,"Not Started",IF(Control!$B$7>I97,"Late","Ready")))) -> Not Started | V97: 46629 | W97: 46635
A98: E3.1 | B98: E | C98: Verification and Qualification | D98: E3 | E98: Integration testing | F98: Test startup/storage, driver/acquisition, event/state, network/cloud and OTA/supervisor integration | G98: E2.3 | H98: 61 | I98: 61 | J98: 1 | K98: 1 | L98: Me | M98: Platform integration-test report | N98: All defined component interfaces are exercised | P98: =IF(Control!$B$7<H98,0,IF(Control!$B$7>=I98,1,(Control!$B$7-H98+1)/J98)) -> 0 | Q98: 0 | R98: =K98/SUM($K$5:$K$137) -> 0.0054495913 | S98: =P98*R98 -> 0 | T98: =Q98*R98 -> 0 | U98: =IF(Q98>=1,"Complete",IF(Q98>0,"In Progress",IF(Control!$B$7<H98,"Not Started",IF(Control!$B$7>I98,"Late","Ready")))) -> Not Started | V98: 46636 | W98: 46642
A99: E3.2 | B99: E | C99: Verification and Qualification | D99: E3 | E99: Integration testing | F99: Inject bus timeout, disconnect, invalid message, storage full, corruption and missing peripheral | G99: E3.1 | H99: 62 | I99: 62 | J99: 1 | K99: 1 | L99: Me | M99: Interface-failure test results | N99: Failure propagation follows architecture and ownership rules | P99: =IF(Control!$B$7<H99,0,IF(Control!$B$7>=I99,1,(Control!$B$7-H99+1)/J99)) -> 0 | Q99: 0 | R99: =K99/SUM($K$5:$K$137) -> 0.0054495913 | S99: =P99*R99 -> 0 | T99: =Q99*R99 -> 0 | U99: =IF(Q99>=1,"Complete",IF(Q99>0,"In Progress",IF(Control!$B$7<H99,"Not Started",IF(Control!$B$7>I99,"Late","Ready")))) -> Not Started | V99: 46643 | W99: 46649
A100: E3.3 | B100: E | C100: Verification and Qualification | D100: E3 | E100: Integration testing | F100: Update requirement-to-test traceability and defect records | G100: E3.2 | H100: 62 | I100: 62 | J100: 1 | K100: 1 | L100: Me | M100: Updated RTM and defect list | N100: Every release requirement has current verification status | P100: =IF(Control!$B$7<H100,0,IF(Control!$B$7>=I100,1,(Control!$B$7-H100+1)/J100)) -> 0 | Q100: 0 | R100: =K100/SUM($K$5:$K$137) -> 0.0054495913 | S100: =P100*R100 -> 0 | T100: =Q100*R100 -> 0 | U100: =IF(Q100>=1,"Complete",IF(Q100>0,"In Progress",IF(Control!$B$7<H100,"Not Started",IF(Control!$B$7>I100,"Late","Ready")))) -> Not Started | V100: 46643 | W100: 46649
A101: E4.1 | B101: E | C101: Verification and Qualification | D101: E4 | E101: System and hardware-in-loop testing | F101: Build HIL control for power, reset, GPIO, serial logs and network interruption | G101: E3.3 | H101: 63 | I101: 63 | J101: 1 | K101: 1 | L101: Me | M101: HIL framework and automation scripts | N101: Target stimuli and evidence capture are repeatable | P101: =IF(Control!$B$7<H101,0,IF(Control!$B$7>=I101,1,(Control!$B$7-H101+1)/J101)) -> 0 | Q101: 0 | R101: =K101/SUM($K$5:$K$137) -> 0.0054495913 | S101: =P101*R101 -> 0 | T101: =Q101*R101 -> 0 | U101: =IF(Q101>=1,"Complete",IF(Q101>0,"In Progress",IF(Control!$B$7<H101,"Not Started",IF(Control!$B$7>I101,"Late","Ready")))) -> Not Started | V101: 46650 | W101: 46656
A102: E4.2 | B102: E | C102: Verification and Qualification | D102: E4 | E102: System and hardware-in-loop testing | F102: Run factory reset-to-provisioning-to-operation-to-OTA end-to-end scenarios | G102: E4.1 | H102: 64 | I102: 64 | J102: 1 | K102: 1 | L102: Me | M102: End-to-end system-test report | N102: Required product scenarios pass without manual intervention | P102: =IF(Control!$B$7<H102,0,IF(Control!$B$7>=I102,1,(Control!$B$7-H102+1)/J102)) -> 0 | Q102: 0 | R102: =K102/SUM($K$5:$K$137) -> 0.0054495913 | S102: =P102*R102 -> 0 | T102: =Q102*R102 -> 0 | U102: =IF(Q102>=1,"Complete",IF(Q102>0,"In Progress",IF(Control!$B$7<H102,"Not Started",IF(Control!$B$7>I102,"Late","Ready")))) -> Not Started | V102: 46657 | W102: 46663
A103: E4.3 | B103: E | C103: Verification and Qualification | D103: E4 | E103: System and hardware-in-loop testing | F103: Run 24-hour smoke, multi-day stability, reboot, provisioning, sleep and backlog tests | G103: E4.2 | H103: 65 | I103: 65 | J103: 1 | K103: 1 | L103: Me | M103: Long-duration report and stability metrics | N103: No unexplained reset, heap drift or unbounded queue growth occurs | P103: =IF(Control!$B$7<H103,0,IF(Control!$B$7>=I103,1,(Control!$B$7-H103+1)/J103)) -> 0 | Q103: 0 | R103: =K103/SUM($K$5:$K$137) -> 0.0054495913 | S103: =P103*R103 -> 0 | T103: =Q103*R103 -> 0 | U103: =IF(Q103>=1,"Complete",IF(Q103>0,"In Progress",IF(Control!$B$7<H103,"Not Started",IF(Control!$B$7>I103,"Late","Ready")))) -> Not Started | V103: 46664 | W103: 46670
... A110: E7.2 | B110: E | C110: Verification and Qualification | D110: E7 | E110: Security validation | F110: Verify certificates, hostname, auth failures, debug restrictions and recovery authorization | G110: E7.1 | H110: 69 | I110: 69 | J110: 1 | K110: 1 | L110: Me | M110: Communication/interface security report | N110: Unauthorized commands and invalid trust chains fail safely | P110: =IF(Control!$B$7<H110,0,IF(Control!$B$7>=I110,1,(Control!$B$7-H110+1)/J110)) -> 0 | Q110: 0 | R110: =K110/SUM($K$5:$K$137) -> 0.0054495913 | S110: =P110*R110 -> 0 | T110: =Q110*R110 -> 0 | U110: =IF(Q110>=1,"Complete",IF(Q110>0,"In Progress",IF(Control!$B$7<H110,"Not Started",IF(Control!$B$7>I110,"Late","Ready")))) -> Not Started | V110: 46692 | W110: 46698
A111: E.G1 | B111: E | C111: Verification and Qualification | D111: E7 | E111: Security validation | F111: Close critical/high defects, freeze release candidate and approve Cluster E gate | G111: E1.3,E3.3,E4.3,E5.3,E6.2,E7.2 | H111: 70 | I111: 70 | J111: 1 | K111: 1.5 | L111: Me | M111: Release-candidate approval, reproducible build and residual-risk record | N111: All requirements have evidence and critical/high defects are closed or accepted | O111: G-E | P111: =IF(Control!$B$7<H111,0,IF(Control!$B$7>=I111,1,(Control!$B$7-H111+1)/J111)) -> 0 | Q111: 0 | R111: =K111/SUM($K$5:$K$137) -> 0.0081743869 | S111: =P111*R111 -> 0 | T111: =Q111*R111 -> 0 | U111: =IF(Q111>=1,"Complete",IF(Q111>0,"In Progress",IF(Control!$B$7<H111,"Not Started",IF(Control!$B$7>I111,"Late","Ready")))) -> Not Started | V111: 46699 | W111: 46705
A112: F1.1 | B112: F | C112: Industrialization and Production Release | D112: F1 | E112: Manufacturing test system | F112: Implement manufacturing firmware covering flash, RAM, GPIO, UI, buses, radio, wireless, ADC and identity | G112: E.G1 | H112: 71 | I112: 71 | J112: 1 | K112: 1 | L112: Me | M112: Manufacturing-test application and coverage matrix | N112: Every production-critical hardware function has a pass/fail test | P112: =IF(Control!$B$7<H112,0,IF(Control!$B$7>=I112,1,(Control!$B$7-H112+1)/J112)) -> 0 | Q112: 0 | R112: =K112/SUM($K$5:$K$137) -> 0.0054495913 | S112: =P112*R112 -> 0 | T112: =Q112*R112 -> 0 | U112: =IF(Q112>=1,"Complete",IF(Q112>0,"In Progress",IF(Control!$B$7<H112,"Not Started",IF(Control!$B$7>I112,"Late","Ready")))) -> Not Started | V112: 46706 | W112: 46712
A113: F1.2 | B113: F | C113: Industrialization and Production Release | D113: F1 | E113: Manufacturing test system | F113: Develop station software, fixture control, programming and result capture | G113: F1.1 | H113: 72 | I113: 72 | J113: 1 | K113: 1 | L113: Me | M113: Manufacturing station software and fixture test | N113: Station programs, tests and records units repeatably | P113: =IF(Control!$B$7<H113,0,IF(Control!$B$7>=I113,1,(Control!$B$7-H113+1)/J113)) -> 0 | Q113: 0 | R113: =K113/SUM($K$5:$K$137) -> 0.0054495913 | S113: =P113*R113 -> 0 | T113: =Q113*R113 -> 0 | U113: =IF(Q113>=1,"Complete",IF(Q113>0,"In Progress",IF(Control!$B$7<H113,"Not Started",IF(Control!$B$7>I113,"Late","Ready")))) -> Not Started | V113: 46713 | W113: 46719
A114: F1.3 | B114: F | C114: Industrialization and Production Release | D114: F1 | E114: Manufacturing test system | F114: Define traceability record, retest, repair and fail containment | G114: F1.2 | H114: 73 | I114: 73 | J114: 1 | K114: 1 | L114: Me | M114: Manufacturing record schema and retest procedure | N114: Failed units cannot pass silently and every unit is traceable | P114: =IF(Control!$B$7<H114,0,IF(Control!$B$7>=I114,1,(Control!$B$7-H114+1)/J114)) -> 0 | Q114: 0 | R114: =K114/SUM($K$5:$K$137) -> 0.0054495913 | S114: =P114*R114 -> 0 | T114: =Q114*R114 -> 0 | U114: =IF(Q114>=1,"Complete",IF(Q114>0,"In Progress",IF(Control!$B$7<H114,"Not Started",IF(Control!$B$7>I114,"Late","Ready")))) -> Not Started | V114: 46720 | W114: 46726
A115: F2.1 | B115: F | C115: Industrialization and Production Release | D115: F2 | E115: Security provisioning and eFuse control | F115: Implement controlled identity, certificate and security provisioning sequence | G115: F1.3,D8.2 | H115: 73 | I115: 73 | J115: 1 | K115: 1 | L115: Me | M115: Provisioning workflow and audit record | N115: Identity is verified before irreversible operations | P115: =IF(Control!$B$7<H115,0,IF(Control!$B$7>=I115,1,(Control!$B$7-H115+1)/J115)) -> 0 | Q115: 0 | R115: =K115/SUM($K$5:$K$137) -> 0.0054495913 | S115: =P115*R115 -> 0 | T115: =Q115*R115 -> 0 | U115: =IF(Q115>=1,"Complete",IF(Q115>0,"In Progress",IF(Control!$B$7<H115,"Not Started",IF(Control!$B$7>I115,"Late","Ready")))) -> Not Started | V115: 46720 | W115: 46726
A116: F2.2 | B116: F | C116: Industrialization and Production Release | D116: F2 | E116: Security provisioning and eFuse control | F116: Implement eFuse programming with preconditions, readback and failure recovery | G116: F2.1 | H116: 74 | I116: 74 | J116: 1 | K116: 1 | L116: Me | M116: eFuse script and irreversible-operation checklist | N116: Every irreversible write is logged and verified | P116: =IF(Control!$B$7<H116,0,IF(Control!$B$7>=I116,1,(Control!$B$7-H116+1)/J116)) -> 0 | Q116: 0 | R116: =K116/SUM($K$5:$K$137) -> 0.0054495913 | S116: =P116*R116 -> 0 | T116: =Q116*R116 -> 0 | U116: =IF(Q116>=1,"Complete",IF(Q116>0,"In Progress",IF(Control!$B$7<H116,"Not Started",IF(Control!$B$7>I116,"Late","Ready")))) -> Not Started | V116: 46727 | W116: 46733
A117: F2.3 | B117: F | C117: Industrialization and Production Release | D117: F2 | E117: Security provisioning and eFuse control | F117: Reboot and verify secure boot, flash encryption and final production state | G117: F2.2 | H117: 74 | I117: 74 | J117: 1 | K117: 1 | L117: Me | M117: Post-provisioning security-state report | N117: Locked production configuration is independently verified | P117: =IF(Control!$B$7<H117,0,IF(Control!$B$7>=I117,1,(Control!$B$7-H117+1)/J117)) -> 0 | Q117: 0 | R117: =K117/SUM($K$5:$K$137) -> 0.0054495913 | S117: =P117*R117 -> 0 | T117: =Q117*R117 -> 0 | U117: =IF(Q117>=1,"Complete",IF(Q117>0,"In Progress",IF(Control!$B$7<H117,"Not Started",IF(Control!$B$7>I117,"Late","Ready")))) -> Not Started | V117: 46727 | W117: 46733
A118: F3.1 | B118: F | C118: Industrialization and Production Release | D118: F3 | E118: Release packaging | F118: Package application, recovery, bootloader, partitions, OTA/factory images, ELF, MAP and checksums | G118: F2.3 | H118: 75 | I118: 75 | J118: 1 | K118: 1 | L118: Me | M118: Signed release package | N118: All artifacts correspond to the same approved source | P118: =IF(Control!$B$7<H118,0,IF(Control!$B$7>=I118,1,(Control!$B$7-H118+1)/J118)) -> 0 | Q118: 0 | R118: =K118/SUM($K$5:$K$137) -> 0.0054495913 | S118: =P118*R118 -> 0 | T118: =Q118*R118 -> 0 | U118: =IF(Q118>=1,"Complete",IF(Q118>0,"In Progress",IF(Control!$B$7<H118,"Not Started",IF(Control!$B$7>I118,"Late","Ready")))) -> Not Started | V118: 46734 | W118: 46740
A119: F3.2 | B119: F | C119: Industrialization and Production Release | D119: F3 | E119: Release packaging | F119: Create manifest, SBOM, release notes, dependency lock and retention archive | G119: F3.1 | H119: 75 | I119: 75 | J119: 1 | K119: 1 | L119: Me | M119: Release manifest, SBOM, notes and archived symbols | N119: Hashes verify and tagged source reproduces the release | P119: =IF(Control!$B$7<H119,0,IF(Control!$B$7>=I119,1,(Control!$B$7-H119+1)/J119)) -> 0 | Q119: 0 | R119: =K119/SUM($K$5:$K$137) -> 0.0054495913 | S119: =P119*R119 -> 0 | T119: =Q119*R119 -> 0 | U119: =IF(Q119>=1,"Complete",IF(Q119>0,"In Progress",IF(Control!$B$7<H119,"Not Started",IF(Control!$B$7>I119,"Late","Ready")))) -> Not Started | V119: 46734 | W119: 46740
A120: F4.1 | B120: F | C120: Industrialization and Production Release | D120: F4 | E120: Pilot production and deployment | F120: Run pilot batch using final board, fixture, provisioning, security and package process | G120: F3.2 | H120: 76 | I120: 76 | J120: 1 | K120: 1 | L120: Me | M120: Pilot production report | N120: Pilot units complete the final manufacturing flow | P120: =IF(Control!$B$7<H120,0,IF(Control!$B$7>=I120,1,(Control!$B$7-H120+1)/J120)) -> 0 | Q120: 0 | R120: =K120/SUM($K$5:$K$137) -> 0.0054495913 | S120: =P120*R120 -> 0 | T120: =Q120*R120 -> 0 | U120: =IF(Q120>=1,"Complete",IF(Q120>0,"In Progress",IF(Control!$B$7<H120,"Not Started",IF(Control!$B$7>I120,"Late","Ready")))) -> Not Started | V120: 46741 | W120: 46747
A121: F4.2 | B121: F | C121: Industrialization and Production Release | D121: F4 | E121: Pilot production and deployment | F121: Monitor yield, RF, boot, OTA, battery, reset and cloud behavior | G121: F4.1 | H121: 77 | I121: 77 | J121: 1 | K121: 1 | L121: Me | M121: Yield and field-trial metrics | N121: Pilot metrics meet release thresholds | P121: =IF(Control!$B$7<H121,0,IF(Control!$B$7>=I121,1,(Control!$B$7-H121+1)/J121)) -> 0 | Q121: 0 | R121: =K121/SUM($K$5:$K$137) -> 0.0054495913 | S121: =P121*R121 -> 0 | T121: =Q121*R121 -> 0 | U121: =IF(Q121>=1,"Complete",IF(Q121>0,"In Progress",IF(Control!$B$7<H121,"Not Started",IF(Control!$B$7>I121,"Late","Ready")))) -> Not Started | V121: 46748 | W121: 46754
A122: F4.3 | B122: F | C122: Industrialization and Production Release | D122: F4 | E122: Pilot production and deployment | F122: Conduct go/no-go review for defects, yield, security, rollback and support readiness | G122: F4.2 | H122: 78 | I122: 78 | J122: 1 | K122: 1.5 | L122: Me | M122: Production-release approval record | N122: Manufacturing, support and rollback readiness are accepted | O122: G-F | P122: =IF(Control!$B$7<H122,0,IF(Control!$B$7>=I122,1,(Control!$B$7-H122+1)/J122)) -> 0 | Q122: 0 | R122: =K122/SUM($K$5:$K$137) -> 0.0081743869 | S122: =P122*R122 -> 0 | T122: =Q122*R122 -> 0 | U122: =IF(Q122>=1,"Complete",IF(Q122>0,"In Progress",IF(Control!$B$7<H122,"Not Started",IF(Control!$B$7>I122,"Late","Ready")))) -> Not Started | V122: 46755 | W122: 46761
A123: F.G1 | B123: F | C123: Industrialization and Production Release | D123: F4 | E123: Pilot production and deployment | F123: Tag and release production firmware; archive complete evidence package | G123: F4.3 | H123: 78 | I123: 78 | J123: 1 | K123: 1.5 | L123: Me | M123: Production tag, signed artifacts and permanent evidence archive | N123: Approved production release is reproducible and recoverable | O123: G-F | P123: =IF(Control!$B$7<H123,0,IF(Control!$B$7>=I123,1,(Control!$B$7-H123+1)/J123)) -> 0 | Q123: 0 | R123: =K123/SUM($K$5:$K$137) -> 0.0081743869 | S123: =P123*R123 -> 0 | T123: =Q123*R123 -> 0 | U123: =IF(Q123>=1,"Complete",IF(Q123>0,"In Progress",IF(Control!$B$7<H123,"Not Started",IF(Control!$B$7>I123,"Late","Ready")))) -> Not Started | V123: 46755 | W123: 46761
A124: G1.1 | B124: G | C124: Field Operation and Lifecycle Maintenance | D124: G1 | E124: Field monitoring | F124: Deploy health dashboard for versions, resets, boot loops, OTA, connectivity, heap, storage and watchdogs | G124: F.G1 | H124: 79 | I124: 79 | J124: 1 | K124: 1 | L124: Me | M124: Device-health dashboard and metric definitions | N124: Fleet health is visible by firmware and hardware revision | P124: =IF(Control!$B$7<H124,0,IF(Control!$B$7>=I124,1,(Control!$B$7-H124+1)/J124)) -> 0 | Q124: 0 | R124: =K124/SUM($K$5:$K$137) -> 0.0054495913 | S124: =P124*R124 -> 0 | T124: =Q124*R124 -> 0 | U124: =IF(Q124>=1,"Complete",IF(Q124>0,"In Progress",IF(Control!$B$7<H124,"Not Started",IF(Control!$B$7>I124,"Late","Ready")))) -> Not Started | V124: 46762 | W124: 46768
A125: G1.2 | B125: G | C125: Field Operation and Lifecycle Maintenance | D125: G1 | E125: Field monitoring | F125: Set alert thresholds and publish support diagnostic procedure | G125: G1.1 | H125: 80 | I125: 80 | J125: 1 | K125: 1 | L125: Me | M125: Alert rules and support guide | N125: Operational anomalies create actionable alerts | P125: =IF(Control!$B$7<H125,0,IF(Control!$B$7>=I125,1,(Control!$B$7-H125+1)/J125)) -> 0 | Q125: 0 | R125: =K125/SUM($K$5:$K$137) -> 0.0054495913 | S125: =P125*R125 -> 0 | T125: =Q125*R125 -> 0 | U125: =IF(Q125>=1,"Complete",IF(Q125>0,"In Progress",IF(Control!$B$7<H125,"Not Started",IF(Control!$B$7>I125,"Late","Ready")))) -> Not Started | V125: 46769 | W125: 46775
A126: G2.1 | B126: G | C126: Field Operation and Lifecycle Maintenance | D126: G2 | E126: Defect and incident management | F126: Define severity, incident intake, triage, core-dump and root-cause workflow | G126: F.G1 | H126: 79 | I126: 79 | J126: 1 | K126: 1 | L126: Me | M126: Incident-management procedure and templates | N126: Critical-to-low incidents have explicit handling | P126: =IF(Control!$B$7<H126,0,IF(Control!$B$7>=I126,1,(Control!$B$7-H126+1)/J126)) -> 0 | Q126: 0 | R126: =K126/SUM($K$5:$K$137) -> 0.0054495913 | S126: =P126*R126 -> 0 | T126: =Q126*R126 -> 0 | U126: =IF(Q126>=1,"Complete",IF(Q126>0,"In Progress",IF(Control!$B$7<H126,"Not Started",IF(Control!$B$7>I126,"Late","Ready")))) -> Not Started | V126: 46762 | W126: 46768
A127: G2.2 | B127: G | C127: Field Operation and Lifecycle Maintenance | D127: G2 | E127: Defect and incident management | F127: Rehearse hotfix, regression, rollback and controlled release workflow | G127: G2.1 | H127: 80 | I127: 81 | J127: 2 | K127: 2 | L127: Me | M127: Hotfix rehearsal report | N127: A field defect can be corrected and rolled back safely | P127: =IF(Control!$B$7<H127,0,IF(Control!$B$7>=I127,1,(Control!$B$7-H127+1)/J127)) -> 0 | Q127: 0 | R127: =K127/SUM($K$5:$K$137) -> 0.010899183 | S127: =P127*R127 -> 0 | T127: =Q127*R127 -> 0 | U127: =IF(Q127>=1,"Complete",IF(Q127>0,"In Progress",IF(Control!$B$7<H127,"Not Started",IF(Control!$B$7>I127,"Late","Ready")))) -> Not Started | V127: 46769 | W127: 46782
A128: G2.3 | B128: G | C128: Field Operation and Lifecycle Maintenance | D128: G2 | E128: Defect and incident management | F128: Operate incident review and corrective-action loop during stabilization | G128: G2.2 | H128: 82 | I128: 90 | J128: 9 | K128: 6.3 | L128: Me | M128: Incident log, RCA and corrective-action records | N128: Field issues are classified, traced and closed with regression evidence | P128: =IF(Control!$B$7<H128,0,IF(Control!$B$7>=I128,1,(Control!$B$7-H128+1)/J128)) -> 0 | Q128: 0 | R128: =K128/SUM($K$5:$K$137) -> 0.034332425 | S128: =P128*R128 -> 0 | T128: =Q128*R128 -> 0 | U128: =IF(Q128>=1,"Complete",IF(Q128>0,"In Progress",IF(Control!$B$7<H128,"Not Started",IF(Control!$B$7>I128,"Late","Ready")))) -> Not Started | V128: 46783 | W128: 46845
A129: G3.1 | B129: G | C129: Field Operation and Lifecycle Maintenance | D129: G3 | E129: Controlled OTA rollout | F129: Roll out to internal and engineering fleets; monitor stop criteria | G129: F.G1,G1.1 | H129: 79 | I129: 79 | J129: 1 | K129: 1 | L129: Me | M129: Internal rollout report | N129: No threshold breach before external exposure | P129: =IF(Control!$B$7<H129,0,IF(Control!$B$7>=I129,1,(Control!$B$7-H129+1)/J129)) -> 0 | Q129: 0 | R129: =K129/SUM($K$5:$K$137) -> 0.0054495913 | S129: =P129*R129 -> 0 | T129: =Q129*R129 -> 0 | U129: =IF(Q129>=1,"Complete",IF(Q129>0,"In Progress",IF(Control!$B$7<H129,"Not Started",IF(Control!$B$7>I129,"Late","Ready")))) -> Not Started | V129: 46762 | W129: 46768
A130: G3.2 | B130: G | C130: Field Operation and Lifecycle Maintenance | D130: G3 | E130: Controlled OTA rollout | F130: Roll out to pilot customers and small production percentage | G130: G3.1 | H130: 80 | I130: 81 | J130: 2 | K130: 2 | L130: Me | M130: Pilot rollout dashboard and decision record | N130: Download, trial and rollback metrics remain acceptable | P130: =IF(Control!$B$7<H130,0,IF(Control!$B$7>=I130,1,(Control!$B$7-H130+1)/J130)) -> 0 | Q130: 0 | R130: =K130/SUM($K$5:$K$137) -> 0.010899183 | S130: =P130*R130 -> 0 | T130: =Q130*R130 -> 0 | U130: =IF(Q130>=1,"Complete",IF(Q130>0,"In Progress",IF(Control!$B$7<H130,"Not Started",IF(Control!$B$7>I130,"Late","Ready")))) -> Not Started | V130: 46769 | W130: 46782
A131: G3.3 | B131: G | C131: Field Operation and Lifecycle Maintenance | D131: G3 | E131: Controlled OTA rollout | F131: Expand staged rollout to larger percentages and full fleet | G131: G3.2 | H131: 82 | I131: 84 | J131: 3 | K131: 3 | L131: Me | M131: Full rollout report | N131: Rollout completes without stop-condition breach | P131: =IF(Control!$B$7<H131,0,IF(Control!$B$7>=I131,1,(Control!$B$7-H131+1)/J131)) -> 0 | Q131: 0 | R131: =K131/SUM($K$5:$K$137) -> 0.016348774 | S131: =P131*R131 -> 0 | T131: =Q131*R131 -> 0 | U131: =IF(Q131>=1,"Complete",IF(Q131>0,"In Progress",IF(Control!$B$7<H131,"Not Started",IF(Control!$B$7>I131,"Late","Ready")))) -> Not Started | V131: 46783 | W131: 46803
A132: G4.1 | B132: G | C132: Field Operation and Lifecycle Maintenance | D132: G4 | E132: Framework and dependency upgrades | F132: Assess framework/dependency security fixes, support dates, APIs, bootloader, size and radio impact | G132: G3.3 | H132: 85 | I132: 85 | J132: 1 | K132: 1 | L132: Me | M132: Upgrade-impact report | N132: Upgrade risks and required migrations are identified | P132: =IF(Control!$B$7<H132,0,IF(Control!$B$7>=I132,1,(Control!$B$7-H132+1)/J132)) -> 0 | Q132: 0 | R132: =K132/SUM($K$5:$K$137) -> 0.0054495913 | S132: =P132*R132 -> 0 | T132: =Q132*R132 -> 0 | U132: =IF(Q132>=1,"Complete",IF(Q132>0,"In Progress",IF(Control!$B$7<H132,"Not Started",IF(Control!$B$7>I132,"Late","Ready")))) -> Not Started | V132: 46804 | W132: 46810
A133: G4.2 | B133: G | C133: Field Operation and Lifecycle Maintenance | D133: G4 | E133: Framework and dependency upgrades | F133: Run clean build, storage, OTA, rollback, power-loss, security, performance and endurance regression | G133: G4.1 | H133: 86 | I133: 86 | J133: 1 | K133: 1 | L133: Me | M133: Dependency-upgrade regression report | N133: Upgrade preserves release requirements | P133: =IF(Control!$B$7<H133,0,IF(Control!$B$7>=I133,1,(Control!$B$7-H133+1)/J133)) -> 0 | Q133: 0 | R133: =K133/SUM($K$5:$K$137) -> 0.0054495913 | S133: =P133*R133 -> 0 | T133: =Q133*R133 -> 0 | U133: =IF(Q133>=1,"Complete",IF(Q133>0,"In Progress",IF(Control!$B$7<H133,"Not Started",IF(Control!$B$7>I133,"Late","Ready")))) -> Not Started | V133: 46811 | W133: 46817
A134: G5.1 | B134: G | C134: Field Operation and Lifecycle Maintenance | D134: G5 | E134: Hardware revision support | F134: Define hardware compatibility matrix and update board revision detection/BSP | G134: G4.2 | H134: 87 | I134: 87 | J134: 1 | K134: 1 | L134: Me | M134: Hardware compatibility matrix and BSP update | N134: Firmware compatibility range is explicit | P134: =IF(Control!$B$7<H134,0,IF(Control!$B$7>=I134,1,(Control!$B$7-H134+1)/J134)) -> 0 | Q134: 0 | R134: =K134/SUM($K$5:$K$137) -> 0.0054495913 | S134: =P134*R134 -> 0 | T134: =Q134*R134 -> 0 | U134: =IF(Q134>=1,"Complete",IF(Q134>0,"In Progress",IF(Control!$B$7<H134,"Not Started",IF(Control!$B$7>I134,"Late","Ready")))) -> Not Started | V134: 46818 | W134: 46824
A135: G5.2 | B135: G | C135: Field Operation and Lifecycle Maintenance | D135: G5 | E135: Hardware revision support | F135: Test peripherals, boot, RF and OTA across supported revisions; reject incompatible images | G135: G5.1 | H135: 88 | I135: 88 | J135: 1 | K135: 1 | L135: Me | M135: Hardware-revision qualification report | N135: Compatible revisions pass and incompatible images are rejected | P135: =IF(Control!$B$7<H135,0,IF(Control!$B$7>=I135,1,(Control!$B$7-H135+1)/J135)) -> 0 | Q135: 0 | R135: =K135/SUM($K$5:$K$137) -> 0.0054495913 | S135: =P135*R135 -> 0 | T135: =Q135*R135 -> 0 | U135: =IF(Q135>=1,"Complete",IF(Q135>0,"In Progress",IF(Control!$B$7<H135,"Not Started",IF(Control!$B$7>I135,"Late","Ready")))) -> Not Started | V135: 46825 | W135: 46831
A136: G6.1 | B136: G | C136: Field Operation and Lifecycle Maintenance | D136: G6 | E136: End-of-life | F136: Define final firmware, signing-key, cloud shutdown, credential revocation and retention policy | G136: G5.2 | H136: 89 | I136: 89 | J136: 1 | K136: 1 | L136: Me | M136: End-of-life policy | N136: Service, security and archival obligations have defined endpoints | P136: =IF(Control!$B$7<H136,0,IF(Control!$B$7>=I136,1,(Control!$B$7-H136+1)/J136)) -> 0 | Q136: 0 | R136: =K136/SUM($K$5:$K$137) -> 0.0054495913 | S136: =P136*R136 -> 0 | T136: =Q136*R136 -> 0 | U136: =IF(Q136>=1,"Complete",IF(Q136>0,"In Progress",IF(Control!$B$7<H136,"Not Started",IF(Control!$B$7>I136,"Late","Ready")))) -> Not Started | V136: 46832 | W136: 46838
A137: G6.2 | B137: G | C137: Field Operation and Lifecycle Maintenance | D137: G6 | E137: End-of-life | F137: Archive final firmware/tools/records and complete product-closure review | G137: G6.1,G2.3 | H137: 90 | I137: 90 | J137: 1 | K137: 1.3 | L137: Me | M137: Product-closure package and approval | N137: Final artifacts and responsibilities are formally closed | O137: G-G | P137: =IF(Control!$B$7<H137,0,IF(Control!$B$7>=I137,1,(Control!$B$7-H137+1)/J137)) -> 0 | Q137: 0 | R137: =K137/SUM($K$5:$K$137) -> 0.0070844687 | S137: =P137*R137 -> 0 | T137: =Q137*R137 -> 0 | U137: =IF(Q137>=1,"Complete",IF(Q137>0,"In Progress",IF(Control!$B$7<H137,"Not Started",IF(Control!$B$7>I137,"Late","Ready")))) -> Not Started | V137: 46839 | W137: 46845

Sheet Phase Summary
A1: Phase-Level Summary
A3: Phase | B3: Cluster | C3: Phase Name | D3: Start Week | E3: End Week | F3: Owner | G3: Planned % | H3: Actual % | I3: Variance | J3: Work Packages | K3: Complete | L3: Phase Status
A4: A1 | B4: A | C4: Product concept definition | D4: 1 | E4: 2 | F4: Me | G4: =IFERROR(SUMIF(WBS!$D$5:$D$137,A4,WBS!$S$5:$S$137)/SUMIF(WBS!$D$5:$D$137,A4,WBS!$R$5:$R$137),0) -> 0.5 | H4: =IFERROR(SUMIF(WBS!$D$5:$D$137,A4,WBS!$T$5:$T$137)/SUMIF(WBS!$D$5:$D$137,A4,WBS!$R$5:$R$137),0) -> 1 | I4: =H4-G4 -> 0.5 | J4: 3 | K4: =COUNTIFS(WBS!$D$5:$D$137,A4,WBS!$U$5:$U$137,"Complete") -> 3 | L4: =IF(H4>=1,"Complete",IF(H4>0,"In Progress",IF(Control!$B$7<D4,"Not Started",IF(Control!$B$7>E4,"Late","Ready")))) -> Complete
A5: A2 | B5: A | C5: Requirements engineering | D5: 2 | E5: 4 | F5: Me | G5: =IFERROR(SUMIF(WBS!$D$5:$D$137,A5,WBS!$S$5:$S$137)/SUMIF(WBS!$D$5:$D$137,A5,WBS!$R$5:$R$137),0) -> 0 | H5: =IFERROR(SUMIF(WBS!$D$5:$D$137,A5,WBS!$T$5:$T$137)/SUMIF(WBS!$D$5:$D$137,A5,WBS!$R$5:$R$137),0) -> 1 | I5: =H5-G5 -> 1 | J5: 4 | K5: =COUNTIFS(WBS!$D$5:$D$137,A5,WBS!$U$5:$U$137,"Complete") -> 4 | L5: =IF(H5>=1,"Complete",IF(H5>0,"In Progress",IF(Control!$B$7<D5,"Not Started",IF(Control!$B$7>E5,"Late","Ready")))) -> Complete
A6: A3 | B6: A | C6: Feasibility and risk analysis | D6: 4 | E6: 6 | F6: Me | G6: =IFERROR(SUMIF(WBS!$D$5:$D$137,A6,WBS!$S$5:$S$137)/SUMIF(WBS!$D$5:$D$137,A6,WBS!$R$5:$R$137),0) -> 0 | H6: =IFERROR(SUMIF(WBS!$D$5:$D$137,A6,WBS!$T$5:$T$137)/SUMIF(WBS!$D$5:$D$137,A6,WBS!$R$5:$R$137),0) -> 1 | I6: =H6-G6 -> 1 | J6: 3 | K6: =COUNTIFS(WBS!$D$5:$D$137,A6,WBS!$U$5:$U$137,"Complete") -> 3 | L6: =IF(H6>=1,"Complete",IF(H6>0,"In Progress",IF(Control!$B$7<D6,"Not Started",IF(Control!$B$7>E6,"Late","Ready")))) -> Complete
A7: B1 | B7: B | C7: Development environment setup | D7: 7 | E7: 8 | F7: Me | G7: =IFERROR(SUMIF(WBS!$D$5:$D$137,A7,WBS!$S$5:$S$137)/SUMIF(WBS!$D$5:$D$137,A7,WBS!$R$5:$R$137),0) -> 0 | H7: =IFERROR(SUMIF(WBS!$D$5:$D$137,A7,WBS!$T$5:$T$137)/SUMIF(WBS!$D$5:$D$137,A7,WBS!$R$5:$R$137),0) -> 1 | I7: =H7-G7 -> 1 | J7: 3 | K7: =COUNTIFS(WBS!$D$5:$D$137,A7,WBS!$U$5:$U$137,"Complete") -> 3 | L7: =IF(H7>=1,"Complete",IF(H7>0,"In Progress",IF(Control!$B$7<D7,"Not Started",IF(Control!$B$7>E7,"Late","Ready")))) -> Complete
A8: B2 | B8: B | C8: Repository initialization | D8: 8 | E8: 9 | F8: Me | G8: =IFERROR(SUMIF(WBS!$D$5:$D$137,A8,WBS!$S$5:$S$137)/SUMIF(WBS!$D$5:$D$137,A8,WBS!$R$5:$R$137),0) -> 0 | H8: =IFERROR(SUMIF(WBS!$D$5:$D$137,A8,WBS!$T$5:$T$137)/SUMIF(WBS!$D$5:$D$137,A8,WBS!$R$5:$R$137),0) -> 0.66666667 | I8: =H8-G8 -> 0.66666667 | J8: 3 | K8: =COUNTIFS(WBS!$D$5:$D$137,A8,WBS!$U$5:$U$137,"Complete") -> 2 | L8: =IF(H8>=1,"Complete",IF(H8>0,"In Progress",IF(Control!$B$7<D8,"Not Started",IF(Control!$B$7>E8,"Late","Ready")))) -> In Progress
A9: B3 | B9: B | C9: Build configuration framework | D9: 9 | E9: 11 | F9: Me | G9: =IFERROR(SUMIF(WBS!$D$5:$D$137,A9,WBS!$S$5:$S$137)/SUMIF(WBS!$D$5:$D$137,A9,WBS!$R$5:$R$137),0) -> 0 | H9: =IFERROR(SUMIF(WBS!$D$5:$D$137,A9,WBS!$T$5:$T$137)/SUMIF(WBS!$D$5:$D$137,A9,WBS!$R$5:$R$137),0) -> 0 | I9: =H9-G9 -> 0 | J9: 3 | K9: =COUNTIFS(WBS!$D$5:$D$137,A9,WBS!$U$5:$U$137,"Complete") -> 0 | L9: =IF(H9>=1,"Complete",IF(H9>0,"In Progress",IF(Control!$B$7<D9,"Not Started",IF(Control!$B$7>E9,"Late","Ready")))) -> Not Started
A10: B4 | B10: B | C10: Continuous integration skeleton | D10: 11 | E10: 12 | F10: Me | G10: =IFERROR(SUMIF(WBS!$D$5:$D$137,A10,WBS!$S$5:$S$137)/SUMIF(WBS!$D$5:$D$137,A10,WBS!$R$5:$R$137),0) -> 0 | H10: =IFERROR(SUMIF(WBS!$D$5:$D$137,A10,WBS!$T$5:$T$137)/SUMIF(WBS!$D$5:$D$137,A10,WBS!$R$5:$R$137),0) -> 0 | I10: =H10-G10 -> 0 | J10: 3 | K10: =COUNTIFS(WBS!$D$5:$D$137,A10,WBS!$U$5:$U$137,"Complete") -> 0 | L10: =IF(H10>=1,"Complete",IF(H10>0,"In Progress",IF(Control!$B$7<D10,"Not Started",IF(Control!$B$7>E10,"Late","Ready")))) -> Not Started
A11: C1 | B11: C | C11: System architecture | D11: 13 | E11: 14 | F11: Me | G11: =IFERROR(SUMIF(WBS!$D$5:$D$137,A11,WBS!$S$5:$S$137)/SUMIF(WBS!$D$5:$D$137,A11,WBS!$R$5:$R$137),0) -> 0 | H11: =IFERROR(SUMIF(WBS!$D$5:$D$137,A11,WBS!$T$5:$T$137)/SUMIF(WBS!$D$5:$D$137,A11,WBS!$R$5:$R$137),0) -> 0 | I11: =H11-G11 -> 0 | J11: 3 | K11: =COUNTIFS(WBS!$D$5:$D$137,A11,WBS!$U$5:$U$137,"Complete") -> 0 | L11: =IF(H11>=1,"Complete",IF(H11>0,"In Progress",IF(Control!$B$7<D11,"Not Started",IF(Control!$B$7>E11,"Late","Ready")))) -> Not Started
A12: C2 | B12: C | C12: Board support package | D12: 15 | E12: 17 | F12: Me | G12: =IFERROR(SUMIF(WBS!$D$5:$D$137,A12,WBS!$S$5:$S$137)/SUMIF(WBS!$D$5:$D$137,A12,WBS!$R$5:$R$137),0) -> 0 | H12: =IFERROR(SUMIF(WBS!$D$5:$D$137,A12,WBS!$T$5:$T$137)/SUMIF(WBS!$D$5:$D$137,A12,WBS!$R$5:$R$137),0) -> 0 | I12: =H12-G12 -> 0 | J12: 3 | K12: =COUNTIFS(WBS!$D$5:$D$137,A12,WBS!$U$5:$U$137,"Complete") -> 0 | L12: =IF(H12>=1,"Complete",IF(H12>0,"In Progress",IF(Control!$B$7<D12,"Not Started",IF(Control!$B$7>E12,"Late","Ready")))) -> Not Started
A13: C3 | B13: C | C13: HAL and device drivers | D13: 18 | E13: 21 | F13: Me | G13: =IFERROR(SUMIF(WBS!$D$5:$D$137,A13,WBS!$S$5:$S$137)/SUMIF(WBS!$D$5:$D$137,A13,WBS!$R$5:$R$137),0) -> 0 | H13: =IFERROR(SUMIF(WBS!$D$5:$D$137,A13,WBS!$T$5:$T$137)/SUMIF(WBS!$D$5:$D$137,A13,WBS!$R$5:$R$137),0) -> 0 | I13: =H13-G13 -> 0 | J13: 4 | K13: =COUNTIFS(WBS!$D$5:$D$137,A13,WBS!$U$5:$U$137,"Complete") -> 0 | L13: =IF(H13>=1,"Complete",IF(H13>0,"In Progress",IF(Control!$B$7<D13,"Not Started",IF(Control!$B$7>E13,"Late","Ready")))) -> Not Started
A14: C4 | B14: C | C14: Flash, bootloader, and partition architecture | D14: 15 | E14: 18 | F14: Me | G14: =IFERROR(SUMIF(WBS!$D$5:$D$137,A14,WBS!$S$5:$S$137)/SUMIF(WBS!$D$5:$D$137,A14,WBS!$R$5:$R$137),0) -> 0 | H14: =IFERROR(SUMIF(WBS!$D$5:$D$137,A14,WBS!$T$5:$T$137)/SUMIF(WBS!$D$5:$D$137,A14,WBS!$R$5:$R$137),0) -> 0 | I14: =H14-G14 -> 0 | J14: 4 | K14: =COUNTIFS(WBS!$D$5:$D$137,A14,WBS!$U$5:$U$137,"Complete") -> 0 | L14: =IF(H14>=1,"Complete",IF(H14>0,"In Progress",IF(Control!$B$7<D14,"Not Started",IF(Control!$B$7>E14,"Late","Ready")))) -> Not Started
A15: C5 | B15: C | C15: Startup and service supervision | D15: 22 | E15: 24 | F15: Me | G15: =IFERROR(SUMIF(WBS!$D$5:$D$137,A15,WBS!$S$5:$S$137)/SUMIF(WBS!$D$5:$D$137,A15,WBS!$R$5:$R$137),0) -> 0 | H15: =IFERROR(SUMIF(WBS!$D$5:$D$137,A15,WBS!$T$5:$T$137)/SUMIF(WBS!$D$5:$D$137,A15,WBS!$R$5:$R$137),0) -> 0 | I15: =H15-G15 -> 0 | J15: 4 | K15: =COUNTIFS(WBS!$D$5:$D$137,A15,WBS!$U$5:$U$137,"Complete") -> 0 | L15: =IF(H15>=1,"Complete",IF(H15>0,"In Progress",IF(Control!$B$7<D15,"Not Started",IF(Control!$B$7>E15,"Late","Ready")))) -> Not Started
... A43: G6 | B43: G | C43: End-of-life | D43: 89 | E43: 90 | F43: Me | G43: =IFERROR(SUMIF(WBS!$D$5:$D$137,A43,WBS!$S$5:$S$137)/SUMIF(WBS!$D$5:$D$137,A43,WBS!$R$5:$R$137),0) -> 0 | H43: =IFERROR(SUMIF(WBS!$D$5:$D$137,A43,WBS!$T$5:$T$137)/SUMIF(WBS!$D$5:$D$137,A43,WBS!$R$5:$R$137),0) -> 0 | I43: =H43-G43 -> 0 | J43: 2 | K43: =COUNTIFS(WBS!$D$5:$D$137,A43,WBS!$U$5:$U$137,"Complete") -> 0 | L43: =IF(H43>=1,"Complete",IF(H43>0,"In Progress",IF(Control!$B$7<D43,"Not Started",IF(Control!$B$7>E43,"Late","Ready")))) -> Not Started

Sheet Weekly Plan
A1: 90-Week Solo Execution Plan
A3: Week | B3: Week Start | C3: Week Finish | D3: Active WBS IDs | E3: Weekly Focus | F3: Evidence Due | G3: Gate / Milestone | H3: Planned Cumulative % | I3: Actual Snapshot
A4: 1 | B4: 46216 | C4: 46222 | D4: A1.1, A1.2 | E4: A1.1: Define users, operating environment, installation, power, connectivity, UI, maintenance and update strategy A1.2: Model normal and abnormal operating scenarios | F4: A1.1: Product concept document and primary use-case list | H4: 0.010899183 | I4: =IF(A4=Control!$B$7,Control!$B$11,"") -> 0.11553134
A5: 2 | B5: 46223 | C5: 46229 | D5: A1.2, A1.3, A2.1 | E5: A1.2: Model normal and abnormal operating scenarios A1.3: Define firmware, cloud, mobile, factory and recovery boundaries A2.1: Write uniquely identified functional requirements | F5: A1.2: Normal/abnormal scenario catalogue A1.3: System context diagram and product-boundary document | H5: 0.027247956 | I5: =IF(A5=Control!$B$7,Control!$B$11,"")
A6: 3 | B6: 46230 | C6: 46236 | D6: A2.1, A2.2, A2.3 | E6: A2.1: Write uniquely identified functional requirements A2.2: Set measurable non-functional budgets for timing, memory, power, availability and security A2.3: Define hardware, communications, diagnostics, manufacturing and OTA interfaces plus environmental constraints | F6: A2.1: System requirements specification with FR identifiers A2.2: Non-functional requirements specification | H6: 0.04359673 | I6: =IF(A6=Control!$B$7,Control!$B$11,"")
A7: 4 | B7: 46237 | C7: 46243 | D7: A2.3, A2.4, A3.1 | E7: A2.3: Define hardware, communications, diagnostics, manufacturing and OTA interfaces plus environmental constraints A2.4: Build requirements traceability matrix and initial acceptance-test list A3.1: Validate ESP32-S3/Heltec V3 hardware constraints, pins, flash, PSRAM, RF, USB and power controls | F7: A2.3: Interface control document and environmental/regulatory checklist A2.4: Requirements traceability matrix and acceptance-test catalogue | H7: 0.059945504 | I7: =IF(A7=Control!$B$7,Control!$B$11,"")
A8: 5 | B8: 46244 | C8: 46250 | D8: A3.1, A3.2 | E8: A3.1: Validate ESP32-S3/Heltec V3 hardware constraints, pins, flash, PSRAM, RF, USB and power controls A3.2: Prototype high-risk software capabilities: provisioning, LoRaWAN, TLS, OTA, sleep and storage recovery | F8: A3.1: Hardware feasibility report and verified pin/constraint list | H8: 0.070844687 | I8: =IF(A8=Control!$B$7,Control!$B$11,"")
A9: 6 | B9: 46251 | C9: 46257 | D9: A3.2, A3.3 | E9: A3.2: Prototype high-risk software capabilities: provisioning, LoRaWAN, TLS, OTA, sleep and storage recovery A3.3: Create risk register and preliminary threat model; close Cluster A gate | F9: A3.2: Proof-of-concept applications and test logs A3.3: Risk register, threat model and requirements-baseline review record | G9: G-A: Risks have mitigations and the requirements baseline is accepted | H9: 0.082833787 | I9: =IF(A9=Control!$B$7,Control!$B$11,"")
A10: 7 | B10: 46258 | C10: 46264 | D10: B1.1, B1.2 | E10: B1.1: Install and pin VS Code, ESP-IDF, Git, Python, CMake/Ninja, drivers and debugger support B1.2: Build, flash and monitor a minimal ESP32-S3 project from the controlled workspace | F10: B1.1: Tool-version manifest and installation record | H10: 0.09373297 | I10: =IF(A10=Control!$B$7,Control!$B$11,"")
A11: 8 | B11: 46265 | C11: 46271 | D11: B1.2, B1.3, B2.1 | E11: B1.2: Build, flash and monitor a minimal ESP32-S3 project from the controlled workspace B1.3: Document workstation setup and onboarding checks B2.1: Create production repository structure, .gitignore and component directories | F11: B1.2: Minimal project binary, flash log and serial monitor capture B1.3: Developer setup guide and onboarding checklist B2.1: Initialized repository and directory baseline | H11: 0.11008174 | I11: =IF(A11=Control!$B$7,Control!$B$11,"")
A12: 9 | B12: 46272 | C12: 46278 | D12: B2.2, B2.3, B3.1 | E12: B2.2: Define branching, review, commit, release-tag and semantic-version policies B2.3: Embed firmware metadata and verify secrets are excluded B3.1: Create debug, validation and production sdkconfig profiles | F12: B2.2: Source-control and versioning policy B2.3: Build metadata output and secret-scan evidence | H12: 0.12643052 | I12: =IF(A12=Control!$B$7,Control!$B$11,"")
A13: 10 | B13: 46279 | C13: 46285 | D13: B3.1, B3.2 | E13: B3.1: Create debug, validation and production sdkconfig profiles B3.2: Implement bootstrap, build, flash, erase, monitor and release scripts | F13: B3.1: Pinned sdkconfig defaults for all profiles | H13: 0.1373297 | I13: =IF(A13=Control!$B$7,Control!$B$11,"")
A14: 11 | B14: 46286 | C14: 46292 | D14: B3.2, B3.3, B4.1 | E14: B3.2: Implement bootstrap, build, flash, erase, monitor and release scripts B3.3: Add ESP-IDF version guard, image-size checks and deterministic build metadata B4.1: Create CI stages for format, static checks, host tests and profile builds | F14: B3.2: PowerShell/Python build-tool scripts B3.3: Version-check and image-budget reports | H14: 0.15367847 | I14: =IF(A14=Control!$B$7,Control!$B$11,"")
A15: 12 | B15: 46293 | C15: 46299 | D15: B4.1, B4.2, B4.3 | E15: B4.1: Create CI stages for format, static checks, host tests and profile builds B4.2: Archive binaries, ELF, MAP, partition table, sdkconfig, logs and test reports B4.3: Reproduce clean checkout-to-flash workflow and close Cluster B gate | F15: B4.1: CI workflow and successful pipeline run B4.2: CI artifact archive B4.3: Engineering-baseline gate review | G15: G-B: Toolchain, repository, scripts and CI are reproducible | H15: 0.17111717 | I15: =IF(A15=Control!$B$7,Control!$B$11,"")
A16: 13 | B16: 46300 | C16: 46306 | D16: C1.1, C1.2 | E16: C1.1: Define firmware layers, component groups and dependency direction C1.2: Specify component APIs, ownership, threading, initialization and error contracts | F16: C1.1: Architecture document and component diagram | H16: 0.18201635 | I16: =IF(A16=Control!$B$7,Control!$B$11,"")
A17: 14 | B17: 46307 | C17: 46313 | D17: C1.2, C1.3 | E17: C1.2: Specify component APIs, ownership, threading, initialization and error contracts C1.3: Record architecture decisions and review for circular/overlapping responsibilities | F17: C1.2: Component interface specifications C1.3: Architecture decision records and review checklist | H17: 0.19291553 | I17: =IF(A17=Control!$B$7,Control!$B$11,"")
A18: 15 | B18: 46314 | C18: 46320 | D18: C2.1, C2.2, C4.1 | E18: C2.1: Define board pins, active levels, pulls, electrical capabilities and revision detection C2.2: Implement safe startup, peripheral power sequencing and bus initialization C4.1: Design 8 MB partition table and warning/release/hard image budgets | F18: C2.1: Board pin map and revision strategy | H18: 0.20926431 | I18: =IF(A18=Control!$B$7,Control!$B$11,"")
A19: 16 | B19: 46321 | C19: 46327 | D19: C2.2, C2.3, C4.1 | E19: C2.2: Implement safe startup, peripheral power sequencing and bus initialization C2.3: Build board self-test for GPIO, buttons, LED, I2C, SPI, OLED, SX1262, ADC and Vext C4.1: Design 8 MB partition table and warning/release/hard image budgets | F19: C2.2: Board initialization code and startup-sequence trace C4.1: Production partition CSV and size-budget rationale | H19: 0.22561308 | I19: =IF(A19=Control!$B$7,Control!$B$11,"")
A20: 17 | B20: 46328 | C20: 46334 | D20: C2.3, C4.2 | E20: C2.3: Build board self-test for GPIO, buttons, LED, I2C, SPI, OLED, SX1262, ADC and Vext C4.2: Define boot selection, trial-boot, rollback and recovery-entry flows | F20: C2.3: Board self-test application and pass report C4.2: Boot-flow and recovery-flow diagrams | H20: 0.23651226 | I20: =IF(A20=Control!$B$7,Control!$B$11,"")
A21: 18 | B21: 46335 | C21: 46341 | D21: C3.1, C4.3, C4.4 | E21: C3.1: Implement HAL wrappers for GPIO, I2C, SPI, UART, ADC, PWM, timers and power C4.3: Implement recovery application skeleton and partition inspection C4.4: Validate partition offsets, maximum images and migration constraints | F21: C4.3: Bootable recovery image C4.4: Partition validation report | H21: 0.25286104 | I21: =IF(A21=Control!$B$7,Control!$B$11,"")
A22: 19 | B22: 46342 | C22: 46348 | D22: C3.1, C3.2 | E22: C3.1: Implement HAL wrappers for GPIO, I2C, SPI, UART, ADC, PWM, timers and power C3.2: Implement core sensor, actuator, LED and button drivers with structured errors | F22: C3.1: HAL components and API documentation | H22: 0.26376022 | I22: =IF(A22=Control!$B$7,Control!$B$11,"")
A23: 20 | B23: 46349 | C23: 46355 | D23: C3.2, C3.3 | E23: C3.2: Implement core sensor, actuator, LED and button drivers with structured errors C3.3: Implement OLED, SX1262 and battery-monitor drivers | F23: C3.2: Core device-driver components and unit tests | H23: 0.2746594 | I23: =IF(A23=Control!$B$7,Control!$B$11,"")
A24: 21 | B24: 46356 | C24: 46362 | D24: C3.3, C3.4 | E24: C3.3: Implement OLED, SX1262 and battery-monitor drivers C3.4: Run bus recovery, repeated-init and ownership/concurrency tests | F24: C3.3: Display, radio and battery driver test applications C3.4: Driver fault-injection report | H24: 0.28555858 | I24: =IF(A24=Control!$B$7,Control!$B$11,"")
A25: 22 | B25: 46363 | C25: 46369 | D25: C5.1, C5.2, C6.1 | E25: C5.1: Implement early startup, reset capture, NVS/config/identity load and board initialization C5.2: Implement startup state machine and service result model C6.1: Define RTOS task ownership, priorities, stack budgets and liveness conditions | F25: C5.1: Minimal app_main and early-startup trace C6.1: Task architecture and priority/stack table | H25: 0.30190736 | I25: =IF(A25=Control!$B$7,Control!$B$11,"")
A26: 23 | B26: 46370 | C26: 46376 | D26: C5.2, C5.3, C6.2 | E26: C5.2: Implement startup state machine and service result model C5.3: Implement boot-loop persistence, safe mode and recovery escalation C6.2: Implement typed commands/events, bounded queues, notifications and timers | F26: C5.2: Startup coordinator and supervisor | H26: 0.31825613 | I26: =IF(A26=Control!$B$7,Control!$B$11,"")
A27: 24 | B27: 46377 | C27: 46383 | D27: C5.3, C5.4, C6.2, C6.3 | E27: C5.3: Implement boot-loop persistence, safe mode and recovery escalation C5.4: Test normal, degraded, fatal and recovery startup paths C6.2: Implement typed commands/events, bounded queues, notifications and timers C6.3: Configure stack monitoring, watchdog participation and blocking-time limits | F27: C5.3: Boot-failure policy and safe-mode implementation C5.4: Startup-path test report C6.2: Queue/event catalogue and messaging framework | H27: 0.3400545 | I27: =IF(A27=Control!$B$7,Control!$B$11,"")
... A34: 31 | B34: 46426 | C34: 46432 | D34: C8.3, C8.4 | E34: C8.3: Enable watchdog layers, core-dump partition and pre-crash event buffer C8.4: Document core-dump retrieval and diagnostic triage workflow | F34: C8.3: Watchdog/core-dump configuration and captured sample fault C8.4: Field diagnostic and core-dump guide | H34: 0.41634877 | I34: =IF(A34=Control!$B$7,Control!$B$11,"")
A35: 32 | B35: 46433 | C35: 46439 | D35: C.G1 | E35: C.G1: Integrate board, drivers, storage, startup, RTOS and diagnostics into platform baseline | H35: 0.42343324 | I35: =IF(A35=Control!$B$7,Control!$B$11,"")
A36: 33 | B36: 46440 | C36: 46446 | D36: C.G1, C.G2 | E36: C.G1: Integrate board, drivers, storage, startup, RTOS and diagnostics into platform baseline C.G2: Run 72-hour platform soak, close blockers and approve Cluster C gate | F36: C.G1: Integrated platform build and interface test report | G36: G-C: Platform services run together without product-specific coupling | H36: 0.43760218 | I36: =IF(A36=Control!$B$7,Control!$B$11,"")
A37: 34 | B37: 46447 | C37: 46453 | D37: C.G2 | E37: C.G2: Run 72-hour platform soak, close blockers and approve Cluster C gate | F37: C.G2: Soak report, defect closure list and platform-baseline approval | G37: G-C: No unexplained reset, heap drift or critical open defect remains | H37: 0.44468665 | I37: =IF(A37=Control!$B$7,Control!$B$11,"")
A38: 35 | B38: 46454 | C38: 46460 | D38: D1.1, D8.1 | E38: D1.1: Define device states, product commands and events D8.1: Finalize security architecture, assets, trust boundaries and attack surfaces | F38: D1.1: Product state diagram and command/event catalogue | H38: 0.45558583 | I38: =IF(A38=Control!$B$7,Control!$B$11,"")
A39: 36 | B39: 46461 | C39: 46467 | D39: D1.2, D8.1 | E39: D1.2: Implement transition handlers, timeouts, failure paths and persistent state D8.1: Finalize security architecture, assets, trust boundaries and attack surfaces | F39: D1.2: State transition table and implementation D8.1: Updated threat model and security architecture | H39: 0.46648501 | I39: =IF(A39=Control!$B$7,Control!$B$11,"")
A40: 37 | B40: 46468 | C40: 46474 | D40: D1.3 | E40: D1.3: Unit-test normal, degraded, maintenance, update, safe and recovery transitions | F40: D1.3: State-machine unit-test report | H40: 0.4719346 | I40: =IF(A40=Control!$B$7,Control!$B$11,"")
A41: 38 | B41: 46475 | C41: 46481 | D41: D2.1, D5.1 | E41: D2.1: Implement single-owner Wi-Fi network manager and lifecycle states D5.1: Implement acquisition validation, calibration, normalization and filtering pipeline | F41: D2.1: Network manager component | H41: 0.48283379 | I41: =IF(A41=Control!$B$7,Control!$B$11,"")
A42: 39 | B42: 46482 | C42: 46488 | D42: D2.2, D5.1, D5.2 | E42: D2.2: Implement selected provisioning and authorized reset workflow D5.1: Implement acquisition validation, calibration, normalization and filtering pipeline D5.2: Implement control rules, hysteresis, timing, safety limits and manual override | F42: D2.2: Provisioning service and provisioning test logs D5.1: Acquisition service and sample-quality tests | H42: 0.49918256 | I42: =IF(A42=Control!$B$7,Control!$B$11,"")
A43: 40 | B43: 46489 | C43: 46495 | D43: D2.3, D2.4, D5.2 | E43: D2.3: Implement exponential backoff with jitter and connection diagnostics D2.4: Test long-duration network loss, recovery and repeated provisioning D5.2: Implement control rules, hysteresis, timing, safety limits and manual override | F43: D2.3: Retry/backoff implementation and metrics D2.4: Connectivity resilience report D5.2: Control service and rule-test report | H43: 0.51553134 | I43: =IF(A43=Control!$B$7,Control!$B$11,"")
A44: 41 | B44: 46496 | C44: 46502 | D44: D3.1, D5.3 | E44: D3.1: Integrate SX1262 reset, busy, DIO, frequency, power, sleep and wake behavior D5.3: Implement calibration storage, validity, migration and corrupt-data fallback | F44: D5.3: Calibration service and migration tests | H44: 0.52643052 | I44: =IF(A44=Control!$B$7,Control!$B$11,"")
A45: 42 | B45: 46503 | C45: 46509 | D45: D3.1, D3.2, D5.4 | E45: D3.1: Integrate SX1262 reset, busy, DIO, frequency, power, sleep and wake behavior D3.2: Integrate LoRaWAN OTAA join, uplink, downlink, ADR and retry scheduling D5.4: Verify control timing, boundaries and safe-output states | F45: D3.1: Radio service and radio test logs D5.4: Algorithm, latency and safe-state test report | H45: 0.54277929 | I45: =IF(A45=Control!$B$7,Control!$B$11,"")
A46: 43 | B46: 46510 | C46: 46516 | D46: D3.2, D3.3, D8.2 | E46: D3.2: Integrate LoRaWAN OTAA join, uplink, downlink, ADR and retry scheduling D3.3: Persist frame counters and enforce region/key handling rules D8.2: Define per-device identity, key management, signing, eFuse and debug policies | F46: D3.2: LoRaWAN manager and network-server test evidence | H46: 0.55912807 | I46: =IF(A46=Control!$B$7,Control!$B$11,"")
A47: 44 | B47: 46517 | C47: 46523 | D47: D3.3, D3.4, D8.2 | E47: D3.3: Persist frame counters and enforce region/key handling rules D3.4: Run long-duration join/uplink/downlink stability test D8.2: Define per-device identity, key management, signing, eFuse and debug policies | F47: D3.3: Counter persistence and regional compliance tests D3.4: LoRaWAN endurance report D8.2: Key-management procedure and eFuse/debug plan | H47: 0.57547684 | I47: =IF(A47=Control!$B$7,Control!$B$11,"")
A48: 45 | B48: 46524 | C48: 46530 | D48: D4.1 | E48: D4.1: Define transport abstraction and versioned telemetry schema | F48: D4.1: Transport API and telemetry specification | H48: 0.58092643 | I48: =IF(A48=Control!$B$7,Control!$B$11,"")
A49: 46 | B49: 46531 | C49: 46537 | D49: D4.2, D4.3 | E49: D4.2: Implement cloud client, certificate validation and response handling D4.3: Implement bounded offline spool, retry, expiry and deduplication | F49: D4.2: Cloud client and integration logs | H49: 0.59182561 | I49: =IF(A49=Control!$B$7,Control!$B$11,"")
... A57: 54 | B57: 46587 | C57: 46593 | D57: D7.4, D8.3, D8.4 | E57: D7.4: Complete recovery installer and test power loss during OTA paths D8.3: Integrate secure boot, flash/NVS encryption, TLS validation and log redaction on validation hardware D8.4: Implement security failure handling and verify unauthorized workflows fail | F57: D7.4: Recovery application and OTA power-loss matrix D8.3: Security-validation build and configuration evidence D8.4: Security failure-path test report | H57: 0.66811989 | I57: =IF(A57=Control!$B$7,Control!$B$11,"")
A58: 55 | B58: 46594 | C58: 46600 | D58: D.G1 | E58: D.G1: Integrate product state, connectivity, LoRaWAN, cloud, sensing, power, OTA and security | F58: D.G1: Feature-complete integrated build and system smoke report | G58: G-D: All mandatory features operate together | H58: 0.67574932 | I58: =IF(A58=Control!$B$7,Control!$B$11,"")
A59: 56 | B59: 46601 | C59: 46607 | D59: D.G2 | E59: D.G2: Close feature blockers and approve Cluster D gate | F59: D.G2: Feature-complete gate review and defect disposition | G59: G-D: No critical feature remains prototype-only | H59: 0.68337875 | I59: =IF(A59=Control!$B$7,Control!$B$11,"")
A60: 57 | B60: 46608 | C60: 46614 | D60: E1.1, E2.1 | E60: E1.1: Enforce warning policy, formatting, naming, headers and API documentation E2.1: Expand host tests for state machines, parsers, serialization, migration, retry and algorithms | F60: E1.1: Compiler/style report | H60: 0.69427793 | I60: =IF(A60=Control!$B$7,Control!$B$11,"")
A61: 58 | B61: 46615 | C61: 46621 | D61: E1.2, E1.3, E2.1 | E61: E1.2: Run static analysis for memory, integer, locking, resource and return-value defects E1.3: Review complexity, dead code, duplicate code and approved deviations E2.1: Expand host tests for state machines, parsers, serialization, migration, retry and algorithms | F61: E1.2: Static-analysis report E1.3: Code-review record and deviation register E2.1: Host unit-test suite and report | H61: 0.7106267 | I61: =IF(A61=Control!$B$7,Control!$B$11,"")
A62: 59 | B62: 46622 | C62: 46628 | D62: E2.2 | E62: E2.2: Run target unit tests for storage, drivers, queues, timers, network and OTA managers | F62: E2.2: Target component-test report | H62: 0.71607629 | I62: =IF(A62=Control!$B$7,Control!$B$11,"")
A63: 60 | B63: 46629 | C63: 46635 | D63: E2.3 | E63: E2.3: Complete mocks/fakes, practical coverage review and CI automation | F63: E2.3: Test doubles, coverage summary and automated test job | H63: 0.72152589 | I63: =IF(A63=Control!$B$7,Control!$B$11,"")
A64: 61 | B64: 46636 | C64: 46642 | D64: E3.1 | E64: E3.1: Test startup/storage, driver/acquisition, event/state, network/cloud and OTA/supervisor integration | F64: E3.1: Platform integration-test report | H64: 0.72697548 | I64: =IF(A64=Control!$B$7,Control!$B$11,"")
A65: 62 | B65: 46643 | C65: 46649 | D65: E3.2, E3.3 | E65: E3.2: Inject bus timeout, disconnect, invalid message, storage full, corruption and missing peripheral E3.3: Update requirement-to-test traceability and defect records | F65: E3.2: Interface-failure test results E3.3: Updated RTM and defect list | H65: 0.73787466 | I65: =IF(A65=Control!$B$7,Control!$B$11,"")
A66: 63 | B66: 46650 | C66: 46656 | D66: E4.1 | E66: E4.1: Build HIL control for power, reset, GPIO, serial logs and network interruption | F66: E4.1: HIL framework and automation scripts | H66: 0.74332425 | I66: =IF(A66=Control!$B$7,Control!$B$11,"")
A67: 64 | B67: 46657 | C67: 46663 | D67: E4.2 | E67: E4.2: Run factory reset-to-provisioning-to-operation-to-OTA end-to-end scenarios | F67: E4.2: End-to-end system-test report | H67: 0.74877384 | I67: =IF(A67=Control!$B$7,Control!$B$11,"")
A68: 65 | B68: 46664 | C68: 46670 | D68: E4.3, E5.1 | E68: E4.3: Run 24-hour smoke, multi-day stability, reboot, provisioning, sleep and backlog tests E5.1: Interrupt power during storage writes, migration, OTA switch, trial boot and provisioning | F68: E4.3: Long-duration report and stability metrics E5.1: Power-loss test report | H68: 0.75967302 | I68: =IF(A68=Control!$B$7,Control!$B$11,"")
A69: 66 | B69: 46671 | C69: 46677 | D69: E5.2 | E69: E5.2: Inject network, DNS, TLS, authentication, LoRaWAN and cloud server failures | F69: E5.2: Communication fault-injection report | H69: 0.76512262 | I69: =IF(A69=Control!$B$7,Control!$B$11,"")
A70: 67 | B70: 46678 | C70: 46684 | D70: E5.3 | E70: E5.3: Test low/fragmented heap, full queues/filesystem, rapid events, task stalls and deadlocks | F70: E5.3: Resource/watchdog fault report | H70: 0.77057221 | I70: =IF(A70=Control!$B$7,Control!$B$11,"")
A71: 68 | B71: 46685 | C71: 46691 | D71: E6.1, E6.2 | E71: E6.1: Measure heap, fragmentation, internal/DMA memory, stacks, CPU load and idle margin E6.2: Verify image sizes, filesystem reserve, boot/join/control/OTA/recovery timing | F71: E6.1: Memory and CPU qualification report E6.2: Flash and timing qualification report | H71: 0.78147139 | I71: =IF(A71=Control!$B$7,Control!$B$11,"")
A72: 69 | B72: 46692 | C72: 46698 | D72: E7.1, E7.2 | E72: E7.1: Verify unsigned/modified/wrong-product/wrong-hardware/old-version image rejection and rollback E7.2: Verify certificates, hostname, auth failures, debug restrictions and recovery authorization | F72: E7.1: Firmware and storage security-validation report E7.2: Communication/interface security report | H72: 0.79237057 | I72: =IF(A72=Control!$B$7,Control!$B$11,"")
A73: 70 | B73: 46699 | C73: 46705 | D73: E.G1 | E73: E.G1: Close critical/high defects, freeze release candidate and approve Cluster E gate | F73: E.G1: Release-candidate approval, reproducible build and residual-risk record | G73: G-E: All requirements have evidence and critical/high defects are closed or accepted | H73: 0.80054496 | I73: =IF(A73=Control!$B$7,Control!$B$11,"")
A74: 71 | B74: 46706 | C74: 46712 | D74: F1.1 | E74: F1.1: Implement manufacturing firmware covering flash, RAM, GPIO, UI, buses, radio, wireless, ADC and identity | F74: F1.1: Manufacturing-test application and coverage matrix | H74: 0.80599455 | I74: =IF(A74=Control!$B$7,Control!$B$11,"")
A75: 72 | B75: 46713 | C75: 46719 | D75: F1.2 | E75: F1.2: Develop station software, fixture control, programming and result capture | F75: F1.2: Manufacturing station software and fixture test | H75: 0.81144414 | I75: =IF(A75=Control!$B$7,Control!$B$11,"")
A76: 73 | B76: 46720 | C76: 46726 | D76: F1.3, F2.1 | E76: F1.3: Define traceability record, retest, repair and fail containment F2.1: Implement controlled identity, certificate and security provisioning sequence | F76: F1.3: Manufacturing record schema and retest procedure F2.1: Provisioning workflow and audit record | H76: 0.82234332 | I76: =IF(A76=Control!$B$7,Control!$B$11,"")
A77: 74 | B77: 46727 | C77: 46733 | D77: F2.2, F2.3 | E77: F2.2: Implement eFuse programming with preconditions, readback and failure recovery F2.3: Reboot and verify secure boot, flash encryption and final production state | F77: F2.2: eFuse script and irreversible-operation checklist F2.3: Post-provisioning security-state report | H77: 0.83324251 | I77: =IF(A77=Control!$B$7,Control!$B$11,"")
A78: 75 | B78: 46734 | C78: 46740 | D78: F3.1, F3.2 | E78: F3.1: Package application, recovery, bootloader, partitions, OTA/factory images, ELF, MAP and checksums F3.2: Create manifest, SBOM, release notes, dependency lock and retention archive | F78: F3.1: Signed release package F3.2: Release manifest, SBOM, notes and archived symbols | H78: 0.84414169 | I78: =IF(A78=Control!$B$7,Control!$B$11,"")
A79: 76 | B79: 46741 | C79: 46747 | D79: F4.1 | E79: F4.1: Run pilot batch using final board, fixture, provisioning, security and package process | F79: F4.1: Pilot production report | H79: 0.84959128 | I79: =IF(A79=Control!$B$7,Control!$B$11,"")
A80: 77 | B80: 46748 | C80: 46754 | D80: F4.2 | E80: F4.2: Monitor yield, RF, boot, OTA, battery, reset and cloud behavior | F80: F4.2: Yield and field-trial metrics | H80: 0.85504087 | I80: =IF(A80=Control!$B$7,Control!$B$11,"")
A81: 78 | B81: 46755 | C81: 46761 | D81: F4.3, F.G1 | E81: F4.3: Conduct go/no-go review for defects, yield, security, rollback and support readiness F.G1: Tag and release production firmware; archive complete evidence package | F81: F4.3: Production-release approval record F.G1: Production tag, signed artifacts and permanent evidence archive | G81: G-F: Manufacturing, support and rollback readiness are accepted G-F: Approved production release is reproducible and recoverable | H81: 0.87138965 | I81: =IF(A81=Control!$B$7,Control!$B$11,"")
A82: 79 | B82: 46762 | C82: 46768 | D82: G1.1, G2.1, G3.1 | E82: G1.1: Deploy health dashboard for versions, resets, boot loops, OTA, connectivity, heap, storage and watchdogs G2.1: Define severity, incident intake, triage, core-dump and root-cause workflow G3.1: Roll out to internal and engineering fleets; monitor stop criteria | F82: G1.1: Device-health dashboard and metric definitions G2.1: Incident-management procedure and templates G3.1: Internal rollout report | H82: 0.88773842 | I82: =IF(A82=Control!$B$7,Control!$B$11,"")
A83: 80 | B83: 46769 | C83: 46775 | D83: G1.2, G2.2, G3.2 | E83: G1.2: Set alert thresholds and publish support diagnostic procedure G2.2: Rehearse hotfix, regression, rollback and controlled release workflow G3.2: Roll out to pilot customers and small production percentage | F83: G1.2: Alert rules and support guide | H83: 0.90408719 | I83: =IF(A83=Control!$B$7,Control!$B$11,"")
A84: 81 | B84: 46776 | C84: 46782 | D84: G2.2, G3.2 | E84: G2.2: Rehearse hotfix, regression, rollback and controlled release workflow G3.2: Roll out to pilot customers and small production percentage | F84: G2.2: Hotfix rehearsal report G3.2: Pilot rollout dashboard and decision record | H84: 0.91498638 | I84: =IF(A84=Control!$B$7,Control!$B$11,"")
A85: 82 | B85: 46783 | C85: 46789 | D85: G2.3, G3.3 | E85: G2.3: Operate incident review and corrective-action loop during stabilization G3.3: Expand staged rollout to larger percentages and full fleet | H85: 0.92425068 | I85: =IF(A85=Control!$B$7,Control!$B$11,"")
A86: 83 | B86: 46790 | C86: 46796 | D86: G2.3, G3.3 | E86: G2.3: Operate incident review and corrective-action loop during stabilization G3.3: Expand staged rollout to larger percentages and full fleet | H86: 0.93351499 | I86: =IF(A86=Control!$B$7,Control!$B$11,"")
A87: 84 | B87: 46797 | C87: 46803 | D87: G2.3, G3.3 | E87: G2.3: Operate incident review and corrective-action loop during stabilization G3.3: Expand staged rollout to larger percentages and full fleet | F87: G3.3: Full rollout report | H87: 0.94277929 | I87: =IF(A87=Control!$B$7,Control!$B$11,"")
A88: 85 | B88: 46804 | C88: 46810 | D88: G2.3, G4.1 | E88: G2.3: Operate incident review and corrective-action loop during stabilization G4.1: Assess framework/dependency security fixes, support dates, APIs, bootloader, size and radio impact | F88: G4.1: Upgrade-impact report | H88: 0.9520436 | I88: =IF(A88=Control!$B$7,Control!$B$11,"")
A89: 86 | B89: 46811 | C89: 46817 | D89: G2.3, G4.2 | E89: G2.3: Operate incident review and corrective-action loop during stabilization G4.2: Run clean build, storage, OTA, rollback, power-loss, security, performance and endurance regression | F89: G4.2: Dependency-upgrade regression report | H89: 0.9613079 | I89: =IF(A89=Control!$B$7,Control!$B$11,"")
A90: 87 | B90: 46818 | C90: 46824 | D90: G2.3, G5.1 | E90: G2.3: Operate incident review and corrective-action loop during stabilization G5.1: Define hardware compatibility matrix and update board revision detection/BSP | F90: G5.1: Hardware compatibility matrix and BSP update | H90: 0.97057221 | I90: =IF(A90=Control!$B$7,Control!$B$11,"")
A91: 88 | B91: 46825 | C91: 46831 | D91: G2.3, G5.2 | E91: G2.3: Operate incident review and corrective-action loop during stabilization G5.2: Test peripherals, boot, RF and OTA across supported revisions; reject incompatible images | F91: G5.2: Hardware-revision qualification report | H91: 0.97983651 | I91: =IF(A91=Control!$B$7,Control!$B$11,"")
A92: 89 | B92: 46832 | C92: 46838 | D92: G2.3, G6.1 | E92: G2.3: Operate incident review and corrective-action loop during stabilization G6.1: Define final firmware, signing-key, cloud shutdown, credential revocation and retention policy | F92: G6.1: End-of-life policy | H92: 0.98910082 | I92: =IF(A92=Control!$B$7,Control!$B$11,"")
A93: 90 | B93: 46839 | C93: 46845 | D93: G2.3, G6.2 | E93: G2.3: Operate incident review and corrective-action loop during stabilization G6.2: Archive final firmware/tools/records and complete product-closure review | F93: G2.3: Incident log, RCA and corrective-action records G6.2: Product-closure package and approval | G93: G-G: Final artifacts and responsibilities are formally closed | H93: 1 | I93: =IF(A93=Control!$B$7,Control!$B$11,"")

Sheet Source & Guidance
A1: Source Mapping and Workbook Guidance
A3: Item | B3: Detail
A4: Source | B4: Uploaded ESP32-S3 Production Firmware Development Lifecycle markdown
A5: Lifecycle hierarchy | B5: Program → Cluster → Phase → Sub-phase → Work package → Deliverable → Exit gate
A6: Owner model | B6: Every task is assigned to Me; no additional resource assumptions
A7: Schedule baseline | B7: Week 1 starts 2026-07-13; production release Week 78; lifecycle baseline ends Week 90
A8: Progress basis | B8: Actual Completion is evidence-based and initialized at 0%
A9: Weighting | B9: Task weight is normalized from duration × complexity (Effort Points)
A10: Dependency notation | B10: Comma-separated predecessor WBS IDs; primarily finish-to-start
A12: Gate Summary
A13: Gate | B13: Week | C13: Required Result | D13: Evidence Row
A14: G-A | B14: 6 | C14: Approved requirements and feasibility | D14: A3.3
A15: G-B | B15: 12 | C15: Reproducible toolchain, repository and CI | D15: B4.3
A16: G-C | B16: 34 | C16: Stable reusable platform baseline | D16: C.G2
A17: G-D | B17: 56 | C17: Complete integrated product features | D17: D.G2
A18: G-E | B18: 70 | C18: Qualified release candidate | D18: E.G1
A19: G-F | B19: 78 | C19: Controlled production release | D19: F4.3 / F.G1
A20: G-G | B20: 90 | C20: Managed lifecycle and closure baseline | D20: G6.2
A22: Definition of Done Applied to Every Work Package
A23: 1 | B23: Requirements/design are identified and documented.
A24: 2 | B24: Interfaces, ownership and error behavior are explicit.
A25: 3 | B25: Implementation is reviewed and CI passes.
A26: 4 | B26: Normal, boundary and failure behavior are tested.
A27: 5 | B27: Resource and security impact are reviewed.
A28: 6 | B28: Evidence is linked or stored and no critical defect remains.
